,ID,doc,Тип документу,Зразок,Замовник,Виробник,Густина кг/м3,ОЧД,ОЧМ,Фракція_70,Фракція_100,Фракція_150,10%,50%,90%,Кінець кипіння,Залишок після випаровування,ДНП,Індукційний період,Фактичні смоли,Сірка,Олефінові вуглеводні,Ароматичні вуглеводні,Бензол,Кисневмісні: метанол,Кисневмісні: етанол,Кисневмісні: ізопропіловий спирт,Кисневмісні: ізобутиловий спирт,Кисневмісні: третбутиловий, Кисневмісні: етери
0,1035/19,D:\Margo\python\protocols\Protocol_0.docx,ПАСПОРТ,бензин автомобільний довготривалого зберігання А-80-ДЗ,-1,"постачальник: ТОВ «Ферст Груп», м. Кам’янське, Західний проїзд, 5","751,1","84,0","78,8",na,na,na,"64,0","101,5","154,0","192,5","1,0","45,6",,"1,0","3,4","1,988","34,6","0,925",відсутність,na,відсутність,відсутність,відсутність,відсутність
1,1041/19,D:\Margo\python\protocols\Protocol_1.docx,ПРОТОКОЛ,бензин автомобільний А-95-Євро5-Е5,"ТОВ «СКАЙТОРГ», 49000, Дніпропетровська область, місто Дніпро, вулиця Староказацька, будинок 40 Б, офіс 4, код ЄДРПОУ 38954216",ТОВ «Укргазвидобування»,na,"95,7","85,0",na,na,na,na,na,na,-,na,"61,1",na,na,"5,2","11,162","33,6","0,528","<0,17","<0,17","<0,17","<0,17","<0,17","4,0"
2,1140/19,D:\Margo\python\protocols\Protocol_10.docx,ПРОТОКОЛ,бензин автомобільний Shebel-А-95-Євро5-Е5,"Акціонерне товариство «Укргазвидобування», 04053, м. Київ, вул. Кудрявська,26/28, код ЄДРПОУ 30019775","УПГГК Шебелинське відділення з переробки газового конденсату та нафти, розташоване с. Андріївка, Балакліївського района Харківської області., вул. Першотравнева,141","741,2",na,na,na,na,na,na,na,na,na,na,na,ДСТУ 8737:2017,na,na,na,na,na,na,na,na,na,na,na
3,1681/19,D:\Margo\python\protocols\Protocol_100.docx,ПРОТОКОЛ,бензин автомобільний довготривалого зберігання А-80-ДЗ,"ОРГАН З СЕРТИФІКАЦІЇ “10 ХІММОТОЛОГІЧНИЙ ЦЕНТР”, 03115, м. Київ, вул. Відпочинку, 9а.",інформація відсутня.,na,na,na,na,na,na,na,na,na,"(< 0,17(відсутність)",na,na,na,na,na,"1,767",na,"0,858","(< 0,17(відсутність)","< 0,17(відсутність)","(< 0,17(відсутність)","(< 0,17(відсутність)","(< 0,17(відсутність)","(< 0,17(відсутність)"
4,1682/19,D:\Margo\python\protocols\Protocol_101.docx,ПРОТОКОЛ,бензин автомобільний довготривалого зберігання А-80-ДЗ,"ОРГАН З СЕРТИФІКАЦІЇ “10 ХІММОТОЛОГІЧНИЙ ЦЕНТР”, 03115, м. Київ, вул. Відпочинку, 9а.",інформація відсутня.,na,na,na,na,na,na,na,na,na,"(< 0,17(відсутність)",na,na,na,na,na,"1,746",na,"0,912","(< 0,17(відсутність)","< 0,17(відсутність)","(< 0,17(відсутність)","(< 0,17(відсутність)","(< 0,17(відсутність)","(< 0,17(відсутність)"
5,1689/19,D:\Margo\python\protocols\Protocol_102.docx,ПРОТОКОЛ,бензин автомобільний Shebel-А-92-Євро5-Е5,"ТОВ «ЗОГ-РІТЕЙЛ», юридична адреса: 69001, м. Запоріжжя, бул. Шевченка, буд. 28, код ЄДРПОУ 41224168.","АТ «Укргазвидобування», УПГГК «Шебелинське відділення з переробки газового конденсату і нафти»",na,na,"84,6",na,na,na,na,na,na,na,na,"60,3",na,na,"5,1",na,"33,454",na,na,na,na,na,na,na
6,1692/19,D:\Margo\python\protocols\Protocol_103.docx,ПРОТОКОЛ,бензин автомобільний довготривалого зберігання А-80-Д,"ТОВ «Ферст Груп», 49000, Дніпропетровська область, м. Дніпро, вул. Троїцька, буд. 15/3, офіс 2, код ЄДРПОУ 41701663.","ТОВ «Ферст Груп», м. Кам’янське, Західний проїзд, 5.","731,1","85,1","79,8","32,5","58,0","89,0",na,na,na,"197,5","1,0","64,7",,1,"7,6","1,940","26,649",na,"(< 0,17(відсутність)",na,"(< 0,17(відсутність)","(< 0,17(відсутність)","(< 0,17(відсутність)","< 0,17(відсутність)"
7,1723/19,D:\Margo\python\protocols\Protocol_104.docx,ПРОТОКОЛ,бензин автомобільний довготривалого зберігання А-80-Д,"ТОВ «Ферст Груп», 49000, Дніпропетровська область, м. Дніпро, вул. Троїцька, буд. 15/3, офіс 2, код ЄДРПОУ 41701663.","ТОВ «Ферст Груп», м. Кам’янське, Західний проїзд, 5.","729,4","84,0","79,6","32,0","61,0","90,5",na,na,na,"197,5","1,1","58,8",,1,"6,9","1,971","26,059","0,942","(< 0,17(відсутність)",na,"(< 0,17(відсутність)","(< 0,17(відсутність)","(< 0,17(відсутність)","< 0,17(відсутність)"
8,1724/19,D:\Margo\python\protocols\Protocol_105.docx,ПРОТОКОЛ,бензин автомобільний довготривалого зберігання А-80-Д,"ТОВ «Ферст Груп», 49000, Дніпропетровська область, м. Дніпро, вул. Троїцька, буд. 15/3, офіс 2, код ЄДРПОУ 41701663.","ТОВ «Ферст Груп», м. Кам’янське, Західний проїзд, 5.","730,3","84,6","80,2","32,5","61,0","89,5",na,na,na,"196,5","1,2","67,7",,1,"5,3","2,188","26,705","0,940","(< 0,17(відсутність)",na,"(< 0,17(відсутність)","(< 0,17(відсутність)","(< 0,17(відсутність)","< 0,17(відсутність)"
9,1725/19,D:\Margo\python\protocols\Protocol_106.docx,ПРОТОКОЛ,бензин автомобільний довготривалого зберігання А-80-Д,"ТОВ «Ферст Груп», 49000, Дніпропетровська область, м. Дніпро, вул. Троїцька, буд. 15/3, офіс 2, код ЄДРПОУ 41701663.","ТОВ «Ферст Груп», м. Кам’янське, Західний проїзд, 5.","736,8","84,7","80,0","29,5","56,5","89,0",na,na,na,"196,5","1,1","63,3",,1,"6,6","1,777","29,564","0,903","(< 0,17(відсутність)",na,"(< 0,17(відсутність)","(< 0,17(відсутність)","(< 0,17(відсутність)","< 0,17(відсутність)"
10,1726/19,D:\Margo\python\protocols\Protocol_107.docx,ПРОТОКОЛ,бензин автомобільний довготривалого зберігання А-80-Д,"ТОВ «Ферст Груп», 49000, Дніпропетровська область, м. Дніпро, вул. Троїцька, буд. 15/3, офіс 2, код ЄДРПОУ 41701663.","ТОВ «Ферст Груп», м. Кам’янське, Західний проїзд, 5.","734,3","85,2","80,4","30,5","58,5","89,0",na,na,na,"198,5","1,0","64,7",,1,"5,8","1,939","28,349","0,928","(< 0,17(відсутність)",na,"(< 0,17(відсутність)","(< 0,17(відсутність)","(< 0,17(відсутність)","< 0,17(відсутність)"
11,1730/19,D:\Margo\python\protocols\Protocol_108.docx,ПРОТОКОЛ,бензин автомобільний довготривалого зберігання А-80-Д,"ТОВ «Ферст Груп», 49000, Дніпропетровська область, м. Дніпро, вул. Троїцька, буд. 15/3, офіс 2, код ЄДРПОУ 41701663.","ТОВ «Ферст Груп», м. Кам’янське, Західний проїзд, 5.","733,3","85,0","80,2","32,5","57,5","89,0",na,na,na,"199,0","1,1","62,8",,1,"6,2","2,395","28,527","0,758","< 0,17 (Відсутність)",na,"< 0,17 (Відсутність)","< 0,17 (Відсутність)","< 0,17 (Відсутність)","< 0,17 (Відсутність)"
12,1742/19,D:\Margo\python\protocols\Protocol_109.docx,ПРОТОКОЛ,бензин автомобільний довготривалого зберігання А-80-ДЗ,"ОРГАН З СЕРТИФІКАЦІЇ “10 ХІММОТОЛОГІЧНИЙ ЦЕНТР”, 03115, м. Київ, вул. Відпочинку, 9а.",інформація відсутня.,na,na,na,na,na,na,na,na,na,"< 0,17(відсутність)",na,na,na,na,na,"1,886",na,"0,787","< 0,17(відсутність)",na,"< 0,17(відсутність)","< 0,17(відсутність)","< 0,17(відсутність)","< 0,17(відсутність)"
13,1147/19,D:\Margo\python\protocols\Protocol_11.docx,ПРОТОКОЛ,бензин автомобільний Shebel-А-92-Євро5-Е5,"Акціонерне товариство «Укргазвидобування», 04053, м. Київ, вул. Кудрявська,26/28, код ЄДРПОУ 30019775","УПГГК Шебелинське відділення з переробки газового конденсату та нафти, розташоване с. Андріївка, Балакліївського района Харківської області., вул. Першотравнева,141","737,8",na,na,na,na,na,na,na,na,na,na,na,ДСТУ 8737:2017,na,na,na,na,na,na,na,na,na,na,na
14,1743/19,D:\Margo\python\protocols\Protocol_110.docx,ПРОТОКОЛ,бензин автомобільний довготривалого зберігання А-80-ДЗ,"ОРГАН З СЕРТИФІКАЦІЇ “10 ХІММОТОЛОГІЧНИЙ ЦЕНТР”, 03115, м. Київ, вул. Відпочинку, 9а.",інформація відсутня.,na,na,na,na,na,na,na,na,na,"< 0,17(відсутність)",na,na,na,na,na,"1,886",na,"0,735","< 0,17(відсутність)",na,"< 0,17(відсутність)","< 0,17(відсутність)","< 0,17(відсутність)","< 0,17(відсутність)"
15,1752/19,D:\Margo\python\protocols\Protocol_111.docx,ПРОТОКОЛ,бензин автомобільний довготривалого зберігання А-80-Д,"ТОВ «Ферст Груп», 49000, Дніпропетровська область, м. Дніпро, вул. Троїцька, буд. 15/3, офіс 2, код ЄДРПОУ 41701663.","ТОВ «Ферст Груп», м. Кам’янське, Західний проїзд, 5.","732,2","85,2","80,5","33,5","59,5","89,0",na,na,na,"195,5","1,1","66,7",,1,"5,2","1,209","29,035","0,760","< 0,17 (Відсутність)",na,"< 0,17 (Відсутність)","< 0,17 (Відсутність)","< 0,17 (Відсутність)","< 0,17 (Відсутність)"
16,1753/19,D:\Margo\python\protocols\Protocol_112.docx,ПРОТОКОЛ,бензин автомобільний довготривалого зберігання А-80-Д,"ТОВ «Ферст Груп», 49000, Дніпропетровська область, м. Дніпро, вул. Троїцька, буд. 15/3, офіс 2, код ЄДРПОУ 41701663.","ТОВ «Ферст Груп», м. Кам’янське, Західний проїзд, 5.","731,7","85,2","80,2","34,5","59,0","89,0",na,na,na,"191,0","1,0","62,8",,1,"5,0","0,866","29,308","0,664","< 0,17 (Відсутність)",na,"< 0,17 (Відсутність)","< 0,17 (Відсутність)","< 0,17 (Відсутність)","< 0,17 (Відсутність)"
17,1761/19,D:\Margo\python\protocols\Protocol_113.docx,ПРОТОКОЛ,бензин автомобільний довготривалого зберігання А-80-Д,"ТОВ «Ферст Груп», 49000, Дніпропетровська область, м. Дніпро, вул. Троїцька, буд. 15/3, офіс 2, код ЄДРПОУ 41701663.","ТОВ «Ферст Груп», м. Кам’янське, Західний проїзд, 5.","734,9","84,6","80,6","29,0","56,0","89,0",na,na,na,"189,0","1,1","56,9",,1,"6,4","0,980","29,960","0,622","< 0,17 (Відсутність)",na,"< 0,17 (Відсутність)","< 0,17 (Відсутність)","< 0,17 (Відсутність)","< 0,17 (Відсутність)"
18,1766/19,D:\Margo\python\protocols\Protocol_114.docx,ПРОТОКОЛ,бензин автомобільний довготривалого зберігання А-80-ДЗ,"ОРГАН З СЕРТИФІКАЦІЇ “10 ХІММОТОЛОГІЧНИЙ ЦЕНТР”, 03115, м. Київ, вул. Відпочинку, 9а.",інформація відсутня.,na,na,na,na,na,na,na,na,na,"< 0,17(відсутність)",na,na,na,na,na,"1,841",na,"0,727","< 0,17(відсутність)",na,"< 0,17(відсутність)","< 0,17(відсутність)","< 0,17(відсутність)","< 0,17(відсутність)"
19,1767/19,D:\Margo\python\protocols\Protocol_115.docx,ПРОТОКОЛ,бензин автомобільний довготривалого зберігання А-80-ДЗ,"ОРГАН З СЕРТИФІКАЦІЇ “10 ХІММОТОЛОГІЧНИЙ ЦЕНТР”, 03115, м. Київ, вул. Відпочинку, 9а.",інформація відсутня.,na,na,na,na,na,na,na,na,na,"< 0,17(відсутність)",na,na,na,na,na,"1,867",na,"0,724","< 0,17(відсутність)",na,"< 0,17(відсутність)","< 0,17(відсутність)","< 0,17(відсутність)","< 0,17(відсутність)"
20,1772/19,D:\Margo\python\protocols\Protocol_116.docx,ПРОТОКОЛ,бензин автомобільний довготривалого зберігання А-80-Д,"ТОВ «Ферст Груп», 49000, Дніпропетровська область, м. Дніпро, вул. Троїцька, буд. 15/3, офіс 2, код ЄДРПОУ 41701663.","ТОВ «Ферст Груп», м. Кам’янське, Західний проїзд, 5.","739,9","85,4","80,6","28,0","52,0","89,0",na,na,na,"192,0","1,0","62,8",,1,"6,4","0,946","32,520","0,652","< 0,17 (Відсутність)",na,"< 0,17 (Відсутність)","< 0,17 (Відсутність)","< 0,17 (Відсутність)","< 0,17 (Відсутність)"
21,1775/19,D:\Margo\python\protocols\Protocol_117.docx,ПРОТОКОЛ,бензин автомобільний довготривалого зберігання А-80-ДЗ (проба № 21,"ТОВ «Ферст Груп», 49000, Дніпропетровська область, м. Дніпро, вул. Троїцька, буд. 15/3, офіс 2, код ЄДРПОУ 41701663.","ТОВ «Ферст Груп», м. Кам’янське, Західний проїзд, 5.","745,6","90,2","82,0","27,5","49,0","85,0",na,na,na,"200,0","1,2","68,65",,1,"7,1","4,91","34,16","0,86","< 0,17 (Відсутність)",na,"< 0,17 (Відсутність)","< 0,17 (Відсутність)","< 0,17 (Відсутність)","< 0,17 (Відсутність)"
22,1776/19,D:\Margo\python\protocols\Protocol_118.docx,ПРОТОКОЛ,бензин автомобільний довготривалого зберігання А-80-ДЗ (проба № 22,"ТОВ «Ферст Груп», 49000, Дніпропетровська область, м. Дніпро, вул. Троїцька, буд. 15/3, офіс 2, код ЄДРПОУ 41701663.","ТОВ «Ферст Груп», м. Кам’янське, Західний проїзд, 5.","737,8","88,9","82,2","32,5","55,5","89,5",na,na,na,"192,0","1,1","63,3",,1,"3,7","0,855","32,575","0,721","< 0,17 (Відсутність)",na,"< 0,17 (Відсутність)","< 0,17 (Відсутність)","< 0,17 (Відсутність)","< 0,17 (Відсутність)"
23,1777/19,D:\Margo\python\protocols\Protocol_119.docx,ПРОТОКОЛ,бензин автомобільний довготривалого зберігання А-80-Д,"ТОВ «Ферст Груп», 49000, Дніпропетровська область, м. Дніпро, вул. Троїцька, буд. 15/3, офіс 2, код ЄДРПОУ 41701663.","ТОВ «Ферст Груп», м. Кам’янське, Західний проїзд, 5.","740,1","87,0","81,3","27,5","52,5","88,0",na,na,na,"194,0","1,1","62,3",,1,"6,6","0,987","32,732","0,664","< 0,17 (Відсутність)",na,"< 0,17 (Відсутність)","< 0,17 (Відсутність)","< 0,17 (Відсутність)","< 0,17 (Відсутність)"
24,1148/19,D:\Margo\python\protocols\Protocol_12.docx,ПРОТОКОЛ,бензин автомобільний Shebel-А-95-Євро5-Е5,"Акціонерне товариство «Укргазвидобування», 04053, м. Київ, вул. Кудрявська,26/28, код ЄДРПОУ 30019775","УПГГК Шебелинське відділення з переробки газового конденсату та нафти, розташоване с. Андріївка, Балакліївського района Харківської області., вул. Першотравнева,141","741,3",na,na,na,na,na,na,na,na,na,na,na,ДСТУ 8737:2017,na,na,na,na,na,na,na,na,na,na,na
25,1778/19,D:\Margo\python\protocols\Protocol_120.docx,ПРОТОКОЛ,бензин автомобільний довготривалого зберігання А-80-Д,"ТОВ «Ферст Груп», 49000, Дніпропетровська область, м. Дніпро, вул. Троїцька, буд. 15/3, офіс 2, код ЄДРПОУ 41701663.","ТОВ «Ферст Груп», м. Кам’янське, Західний проїзд, 5.","739,3","88,2","82,2","29,5","54,0","88,5",na,na,na,"193,0","0,9","67,7",,1,"5,5","0,951","33,061","0,733","< 0,17 (Відсутність)",na,"< 0,17 (Відсутність)","< 0,17 (Відсутність)","< 0,17 (Відсутність)","< 0,17 (Відсутність)"
26,1779/19,D:\Margo\python\protocols\Protocol_121.docx,ПРОТОКОЛ,бензин автомобільний довготривалого зберігання А-80-Д,"ТОВ «Ферст Груп», 49000, Дніпропетровська область, м. Дніпро, вул. Троїцька, буд. 15/3, офіс 2, код ЄДРПОУ 41701663.","ТОВ «Ферст Груп», м. Кам’янське, Західний проїзд, 5.","741,3","88,4","82,2","29,0","52,5","88,5",na,na,na,"194,0","1,1","64,7",,1,"5,5","0,951","33,828","0,807","< 0,17 (Відсутність)",na,"< 0,17 (Відсутність)","< 0,17 (Відсутність)","< 0,17 (Відсутність)","< 0,17 (Відсутність)"
27,1785/19,D:\Margo\python\protocols\Protocol_122.docx,ПРОТОКОЛ,бензин автомобільний довготривалого зберігання А-80-ДЗ (проба № 14,"ТОВ «Ферст Груп», 49000, Дніпропетровська область, м. Дніпро, вул. Троїцька, буд. 15/3, офіс 2, код ЄДРПОУ 41701663.","ТОВ «Ферст Груп», м. Кам’янське, Західний проїзд, 5.","745,7","88,1","80,8","27,5","48,0","86,5",na,na,na,"206,5","1,0","69,1",,1,"8,0","4,914","33,332","0,850","< 0,17 (Відсутність)",na,"< 0,17 (Відсутність)","< 0,17 (Відсутність)","< 0,17 (Відсутність)","< 0,17 (Відсутність)"
28,1786/19,D:\Margo\python\protocols\Protocol_123.docx,ПРОТОКОЛ,бензин автомобільний довготривалого зберігання А-80-ДЗ (проба № 31,"ТОВ «Ферст Груп», 49000, Дніпропетровська область, м. Дніпро, вул. Троїцька, буд. 15/3, офіс 2, код ЄДРПОУ 41701663.","ТОВ «Ферст Груп», м. Кам’янське, Західний проїзд, 5.","748,8","89,0","81,7","25,5","47,5","85,5",na,na,na,"202,5","1,1","64,2",,1,"7,6","4,545","34,495","0,806","< 0,17 (Відсутність)",na,"< 0,17 (Відсутність)","< 0,17 (Відсутність)","< 0,17 (Відсутність)","< 0,17 (Відсутність)"
29,1794/19,D:\Margo\python\protocols\Protocol_124.docx,ПРОТОКОЛ,бензин автомобільний довготривалого зберігання А-80-Д,"ТОВ «Ферст Груп», 49000, Дніпропетровська область, м. Дніпро, вул. Троїцька, буд. 15/3, офіс 2, код ЄДРПОУ 41701663.","ТОВ «Ферст Груп», м. Кам’янське, Західний проїзд, 5.","740,9","87,7","81,8","30,0","54,0","89,0",na,na,na,"192,0","1,0","68,7",,1,"5,3","1,076","33,720","0,787","< 0,17 (Відсутність)",na,"< 0,17 (Відсутність)","< 0,17 (Відсутність)","< 0,17 (Відсутність)","< 0,17 (Відсутність)"
30,1797/19,D:\Margo\python\protocols\Protocol_125.docx,ПРОТОКОЛ,бензин автомобільний довготривалого зберігання А-80-ДЗ (проба № 426),"ОРГАН З СЕРТИФІКАЦІЇ “10 ХІММОТОЛОГІЧНИЙ ЦЕНТР”, 03115, м. Київ, вул. Відпочинку, 9а.",інформація відсутня.,na,na,na,na,na,na,na,na,na,"< 0,17(відсутність)",na,na,na,na,na,"1,800",na,"0,910","< 0,17(відсутність)",na,"< 0,17(відсутність)","< 0,17(відсутність)","< 0,17(відсутність)","< 0,17(відсутність)"
31,1806/19,D:\Margo\python\protocols\Protocol_126.docx,ПРОТОКОЛ,бензин автомобільний довготривалого зберігання А-80-ДЗ (проба № 428),"ОРГАН З СЕРТИФІКАЦІЇ “10 ХІММОТОЛОГІЧНИЙ ЦЕНТР”, 03115, м. Київ, вул. Відпочинку, 9а.",інформація відсутня.,na,na,na,na,na,na,na,na,na,"< 0,17(відсутність)",na,na,na,na,na,"4,761",na,"0,755","< 0,17(відсутність)",na,"< 0,17(відсутність)","< 0,17(відсутність)","< 0,17(відсутність)","< 0,17(відсутність)"
32,1805/19,D:\Margo\python\protocols\Protocol_127.docx,ПРОТОКОЛ,бензин автомобільний довготривалого зберігання А-80-ДЗ (проба № 427),"ОРГАН З СЕРТИФІКАЦІЇ “10 ХІММОТОЛОГІЧНИЙ ЦЕНТР”, 03115, м. Київ, вул. Відпочинку, 9а.",інформація відсутня.,na,na,na,na,na,na,na,na,na,"< 0,17(відсутність)",na,na,na,na,na,"4,129",na,"0,807","< 0,17(відсутність)",na,"< 0,17(відсутність)","< 0,17(відсутність)","< 0,17(відсутність)","< 0,17(відсутність)"
33,1808/19,D:\Margo\python\protocols\Protocol_128.docx,ПРОТОКОЛ,бензин автомобільний довготривалого зберігання А-80-ДЗ (проба № 430),"ОРГАН З СЕРТИФІКАЦІЇ “10 ХІММОТОЛОГІЧНИЙ ЦЕНТР”, 03115, м. Київ, вул. Відпочинку, 9а.",інформація відсутня.,na,na,na,na,na,na,na,na,na,"< 0,17(відсутність)",na,na,na,na,na,"1,205",na,"0,733","< 0,17(відсутність)",na,"< 0,17(відсутність)","< 0,17(відсутність)","< 0,17(відсутність)","< 0,17(відсутність)"
34,1809/19,D:\Margo\python\protocols\Protocol_129.docx,ПРОТОКОЛ,бензин автомобільний довготривалого зберігання А-80-ДЗ (проба № 431),"ОРГАН З СЕРТИФІКАЦІЇ “10 ХІММОТОЛОГІЧНИЙ ЦЕНТР”, 03115, м. Київ, вул. Відпочинку, 9а.",інформація відсутня.,na,na,na,na,na,na,na,na,na,"< 0,17(відсутність)",na,na,na,na,na,"2,399",na,"0,739","< 0,17(відсутність)",na,"< 0,17(відсутність)","< 0,17(відсутність)","< 0,17(відсутність)","< 0,17(відсутність)"
35,1151/19,D:\Margo\python\protocols\Protocol_13.docx,ПРОТОКОЛ,бензин автомобільний Shebel-А-92-Євро5-Е5,"Акціонерне товариство «Укргазвидобування», 04053, м. Київ, вул. Кудрявська,26/28, код ЄДРПОУ 30019775","УПГГК Шебелинське відділення з переробки газового конденсату та нафти, розташоване с. Андріївка, Балакліївського района Харківської області., вул. Першотравнева,141","737,8",na,na,na,na,na,na,na,na,na,na,na,ДСТУ 8737:2017,na,na,na,na,na,na,na,na,na,na,na
36,1812/19,D:\Margo\python\protocols\Protocol_130.docx,ПРОТОКОЛ,бензин автомобільний довготривалого зберігання А-80-Д,"ТОВ «Ферст Груп», 49000, Дніпропетровська область, м. Дніпро, вул. Троїцька, буд. 15/3, офіс 2, код ЄДРПОУ 41701663.","ТОВ «Ферст Груп», м. Кам’янське, Західний проїзд, 5.","741,3","88,9","81,9","30,0","53,0","88,5",na,na,na,"191,0","1,0","68,7",,1,"4,4","1,090","34,993","0,831","< 0,17 (Відсутність)",na,"< 0,17 (Відсутність)","< 0,17 (Відсутність)","< 0,17 (Відсутність)","< 0,17 (Відсутність)"
37,1818/19,D:\Margo\python\protocols\Protocol_131.docx,ПРОТОКОЛ,бензин автомобільний довготривалого зберігання А-80-Д,"ТОВ «Ферст Груп», 49000, Дніпропетровська область, м. Дніпро, вул. Троїцька, буд. 15/3, офіс 2, код ЄДРПОУ 41701663.","ТОВ «Ферст Груп», м. Кам’янське, Західний проїзд, 5.","744,7","87,9","82,0","28,0","50,0","87,0",na,na,na,"190,0","1,0","67,7",,1,"5,6","1,209",na,na,"< 0,17 (Відсутність)",na,"< 0,17 (Відсутність)","< 0,17 (Відсутність)","< 0,17 (Відсутність)","< 0,17 (Відсутність)"
38,1820/19,D:\Margo\python\protocols\Protocol_132.docx,ПРОТОКОЛ,бензин автомобільний довготривалого зберігання А-80-ДЗ (проба № 434),"ОРГАН З СЕРТИФІКАЦІЇ “10 ХІММОТОЛОГІЧНИЙ ЦЕНТР”, 03115, м. Київ, вул. Відпочинку, 9а.",інформація відсутня.,na,na,na,na,na,na,na,na,na,"< 0,17(відсутність)",na,na,na,na,na,"4,849",na,"0,806","< 0,17(відсутність)",na,"< 0,17(відсутність)","< 0,17(відсутність)","< 0,17(відсутність)","< 0,17(відсутність)"
39,1821/19,D:\Margo\python\protocols\Protocol_133.docx,ПРОТОКОЛ,бензин автомобільний довготривалого зберігання А-80-ДЗ (проба № 435),"ОРГАН З СЕРТИФІКАЦІЇ “10 ХІММОТОЛОГІЧНИЙ ЦЕНТР”, 03115, м. Київ, вул. Відпочинку, 9а.",інформація відсутня.,na,na,na,na,na,na,na,na,na,na,na,na,na,na,na,"1,820",na,na,na,na,na,na,na,na
40,1822/19,D:\Margo\python\protocols\Protocol_134.docx,ПРОТОКОЛ,бензин автомобільний довготривалого зберігання А-80-ДЗ (проба № 436),"ОРГАН З СЕРТИФІКАЦІЇ “10 ХІММОТОЛОГІЧНИЙ ЦЕНТР”, 03115, м. Київ, вул. Відпочинку, 9а.",інформація відсутня.,na,na,na,na,na,na,na,na,na,"< 0,17(відсутність)",na,na,na,na,na,"4,900",na,"0,837","< 0,17(відсутність)",na,"< 0,17(відсутність)","< 0,17(відсутність)","< 0,17(відсутність)","< 0,17(відсутність)"
41,1827/19,D:\Margo\python\protocols\Protocol_135.docx,ПРОТОКОЛ,бензин автомобільний довготривалого зберігання А-80-Д,"ТОВ «Ферст Груп», 49000, Дніпропетровська область, м. Дніпро, вул. Троїцька, буд. 15/3, офіс 2, код ЄДРПОУ 41701663.","ТОВ «Ферст Груп», м. Кам’янське, Західний проїзд, 5.","748,6","90,0","81,9","24,5","46,0","83,0",na,na,na,"201,5","1,0","69,9",,1,"8,1","4,621","34,956","0,951","< 0,17 (Відсутність)",na,"< 0,17 (Відсутність)","< 0,17 (Відсутність)","< 0,17 (Відсутність)","< 0,17 (Відсутність)"
42,1842/19,D:\Margo\python\protocols\Protocol_136.docx,ПРОТОКОЛ,бензин автомобільний довготривалого зберігання А-80-ДЗ (проба № 439),"ОРГАН З СЕРТИФІКАЦІЇ “10 ХІММОТОЛОГІЧНИЙ ЦЕНТР”, 03115, м. Київ, вул. Відпочинку, 9а.",інформація відсутня.,na,na,na,na,na,na,na,na,na,"< 0,17(відсутність)",na,na,na,na,na,"4,569",na,"0,803","< 0,17(відсутність)",na,"< 0,17(відсутність)","< 0,17(відсутність)","< 0,17(відсутність)","< 0,17(відсутність)"
43,1843/19,D:\Margo\python\protocols\Protocol_137.docx,ПРОТОКОЛ,бензин автомобільний довготривалого зберігання А-80-ДЗ (проба № 439),"ОРГАН З СЕРТИФІКАЦІЇ “10 ХІММОТОЛОГІЧНИЙ ЦЕНТР”, 03115, м. Київ, вул. Відпочинку, 9а.",інформація відсутня.,na,na,na,na,na,na,na,na,na,"< 0,17(відсутність)",na,na,na,na,na,"4,752",na,"0,910","< 0,17(відсутність)",na,"< 0,17(відсутність)","< 0,17(відсутність)","< 0,17(відсутність)","< 0,17(відсутність)"
44,1844/19,D:\Margo\python\protocols\Protocol_138.docx,ПРОТОКОЛ,бензин автомобільний довготривалого зберігання А-80-ДЗ (проба № 441),"ОРГАН З СЕРТИФІКАЦІЇ “10 ХІММОТОЛОГІЧНИЙ ЦЕНТР”, 03115, м. Київ, вул. Відпочинку, 9а.",інформація відсутня.,na,na,na,na,na,na,na,na,na,"< 0,17(відсутність)",na,na,na,na,na,"4,768",na,"0,902","< 0,17(відсутність)",na,"< 0,17(відсутність)","< 0,17(відсутність)","< 0,17(відсутність)","< 0,17(відсутність)"
45,1845/19,D:\Margo\python\protocols\Protocol_139.docx,ПРОТОКОЛ,бензин автомобільний довготривалого зберігання А-80-ДЗ (проба № 442),"ОРГАН З СЕРТИФІКАЦІЇ “10 ХІММОТОЛОГІЧНИЙ ЦЕНТР”, 03115, м. Київ, вул. Відпочинку, 9а.",інформація відсутня.,na,na,na,na,na,na,na,na,na,"< 0,17(відсутність)",na,na,na,na,na,"0,953",na,"0,638","< 0,17(відсутність)",na,"< 0,17(відсутність)","< 0,17(відсутність)","< 0,17(відсутність)","< 0,17(відсутність)"
46,1152/19,D:\Margo\python\protocols\Protocol_14.docx,ПРОТОКОЛ,бензин автомобільний Shebel-А-95-Євро5-Е5,"Акціонерне товариство «Укргазвидобування», 04053, м. Київ, вул. Кудрявська,26/28, код ЄДРПОУ 30019775","УПГГК Шебелинське відділення з переробки газового конденсату та нафти, розташоване с. Андріївка, Балакліївського района Харківської області., вул. Першотравнева,141","740,5",na,na,na,na,na,na,na,na,na,na,na,ДСТУ 8737:2017,na,na,na,na,na,na,na,na,na,na,na
47,1846/19,D:\Margo\python\protocols\Protocol_140.docx,ПРОТОКОЛ,бензин автомобільний довготривалого зберігання А-80-ДЗ (проба № 443),"ОРГАН З СЕРТИФІКАЦІЇ “10 ХІММОТОЛОГІЧНИЙ ЦЕНТР”, 03115, м. Київ, вул. Відпочинку, 9а.",інформація відсутня.,na,na,na,na,na,na,na,na,na,"< 0,17(відсутність)",na,na,na,na,na,"1,902",na,"0,924","< 0,17(відсутність)",na,"< 0,17(відсутність)","< 0,17(відсутність)","< 0,17(відсутність)","< 0,17(відсутність)"
48,1852/19,D:\Margo\python\protocols\Protocol_141.docx,ПРОТОКОЛ,бензин автомобільний довготривалого зберігання,"ТОВ «Ферст Груп», 49000, Дніпропетровська область, м. Дніпро, вул. Троїцька, буд. 15/3, офіс 2, код ЄДРПОУ 41701663.","ТОВ «Ферст Груп», м. Кам’янське, Західний проїзд, 5.","746,1","88,9","82,0","28,0","49,0","85,0",na,na,na,"199,0","1,2","68,6",,1,"7,9","4,045","34,424","0,938","< 0,17 (Відсутність)",na,"< 0,17 (Відсутність)","< 0,17 (Відсутність)","< 0,17 (Відсутність)","< 0,17 (Відсутність)"
49,1881/19,D:\Margo\python\protocols\Protocol_142.docx,ПРОТОКОЛ,бензин автомобільний довготривалого зберігання А-80-ДЗ.,"ОРГАН З СЕРТИФІКАЦІЇ “10 ХІММОТОЛОГІЧНИЙ ЦЕНТР”, 03115, м. Київ, вул. Відпочинку, 9а.",інформація відсутня.,na,na,na,na,na,na,na,na,na,"< 0,17(відсутність)",na,na,na,na,na,"4,618",na,"0,857","< 0,17(відсутність)",na,"< 0,17(відсутність)","< 0,17(відсутність)","< 0,17(відсутність)","< 0,17(відсутність)"
50,1882/19,D:\Margo\python\protocols\Protocol_143.docx,ПРОТОКОЛ,бензин автомобільний довготривалого зберігання А-80-ДЗ,"ОРГАН З СЕРТИФІКАЦІЇ “10 ХІММОТОЛОГІЧНИЙ ЦЕНТР”, 03115, м. Київ, вул. Відпочинку, 9а.",інформація відсутня.,na,na,na,na,na,na,na,na,na,"< 0,17(відсутність)",na,na,na,na,na,"4,126",na,"0,942","< 0,17(відсутність)",na,"< 0,17(відсутність)","< 0,17(відсутність)","< 0,17(відсутність)","< 0,17(відсутність)"
51,1883/19,D:\Margo\python\protocols\Protocol_144.docx,ПРОТОКОЛ,бензин автомобільний довготривалого зберігання А-80-ДЗ (проба № 456),"ОРГАН З СЕРТИФІКАЦІЇ “10 ХІММОТОЛОГІЧНИЙ ЦЕНТР”, 03115, м. Київ, вул. Відпочинку, 9а.",інформація відсутня.,na,na,na,na,na,na,na,na,na,"< 0,17(відсутність)",na,na,na,na,na,"4,708",na,"0,903","< 0,17(відсутність)",na,"< 0,17(відсутність)","< 0,17(відсутність)","< 0,17(відсутність)","< 0,17(відсутність)"
52,1884/19,D:\Margo\python\protocols\Protocol_145.docx,ПРОТОКОЛ,бензин автомобільний довготривалого зберігання А-80-ДЗ (проба № 457),"ОРГАН З СЕРТИФІКАЦІЇ “10 ХІММОТОЛОГІЧНИЙ ЦЕНТР”, 03115, м. Київ, вул. Відпочинку, 9а.",інформація відсутня.,na,na,na,na,na,na,na,na,na,"< 0,17(відсутність)",na,na,na,na,na,"4,664",na,"0,854","< 0,17(відсутність)",na,"< 0,17(відсутність)","< 0,17(відсутність)","< 0,17(відсутність)","< 0,17(відсутність)"
53,1885/19,D:\Margo\python\protocols\Protocol_146.docx,ПРОТОКОЛ,бензин автомобільний довготривалого зберігання А-80-ДЗ (проба № 458),"ОРГАН З СЕРТИФІКАЦІЇ “10 ХІММОТОЛОГІЧНИЙ ЦЕНТР”, 03115, м. Київ, вул. Відпочинку, 9а.",інформація відсутня.,na,na,na,na,na,na,na,na,na,"< 0,17(відсутність)",na,na,na,na,na,"4,689",na,"0,906","< 0,17(відсутність)",na,"< 0,17(відсутність)","< 0,17(відсутність)","< 0,17(відсутність)","< 0,17(відсутність)"
54,1886/19,D:\Margo\python\protocols\Protocol_147.docx,ПРОТОКОЛ,бензин автомобільний довготривалого зберігання А-80-ДЗ,"ОРГАН З СЕРТИФІКАЦІЇ “10 ХІММОТОЛОГІЧНИЙ ЦЕНТР”, 03115, м. Київ, вул. Відпочинку, 9а.",інформація відсутня.,na,na,na,na,na,na,na,na,na,"< 0,17(відсутність)",na,na,na,na,na,"1,032",na,"0,733","< 0,17(відсутність)",na,"< 0,17(відсутність)","< 0,17(відсутність)","< 0,17(відсутність)","< 0,17(відсутність)"
55,1887/19,D:\Margo\python\protocols\Protocol_148.docx,ПРОТОКОЛ,бензин автомобільний довготривалого зберігання А-80-ДЗ,"ОРГАН З СЕРТИФІКАЦІЇ “10 ХІММОТОЛОГІЧНИЙ ЦЕНТР”, 03115, м. Київ, вул. Відпочинку, 9а.",інформація відсутня.,na,na,na,na,na,na,na,na,na,"< 0,17(відсутність)",na,na,na,na,na,"1,007",na,"0,656","< 0,17(відсутність)",na,"< 0,17(відсутність)","< 0,17(відсутність)","< 0,17(відсутність)","< 0,17(відсутність)"
56,1888/19,D:\Margo\python\protocols\Protocol_149.docx,ПРОТОКОЛ,бензин автомобільний довготривалого зберігання А-80-ДЗ (проба № 461),"ОРГАН З СЕРТИФІКАЦІЇ “10 ХІММОТОЛОГІЧНИЙ ЦЕНТР”, 03115, м. Київ, вул. Відпочинку, 9а.",інформація відсутня.,na,na,na,na,na,na,na,na,na,"< 0,17(відсутність)",na,na,na,na,na,"4,404",na,"0,888","< 0,17(відсутність)",na,"< 0,17(відсутність)","< 0,17(відсутність)","< 0,17(відсутність)","< 0,17(відсутність)"
57,1192/19,D:\Margo\python\protocols\Protocol_15.docx,ПРОТОКОЛ,бензин автомобільний А-95-Євро5-Е5,"Державна служба України з питань безпечності харчових продуктів та захисту споживачів, Головне управління Держпродспоживслужби в Одеській області, вул. 7-а Пересипська, 6, м. Одеса, 65042, код ЄДРПОУ 40342996","ВАТ «Мозирський нафтопереробний завод», Білорусь",na,"94,3","83,8",na,na,na,na,na,na,-,na,"47,8",na,na,"11,9","9,392","22,8","0,818","0,3","6,5","<0,17","0,3","<0,17","12,6"
58,1889/19,D:\Margo\python\protocols\Protocol_150.docx,ПРОТОКОЛ,бензин автомобільний довготривалого зберігання А-80-ДЗ (проба № 462),"ОРГАН З СЕРТИФІКАЦІЇ “10 ХІММОТОЛОГІЧНИЙ ЦЕНТР”, 03115, м. Київ, вул. Відпочинку, 9а.",інформація відсутня.,na,na,na,na,na,na,na,na,na,"< 0,17(відсутність)",na,na,na,na,na,"4,597",na,"0,922","< 0,17(відсутність)",na,"< 0,17(відсутність)","< 0,17(відсутність)","< 0,17(відсутність)","< 0,17(відсутність)"
59,407/19,D:\Margo\python\protocols\Protocol_151.docx,ПРОТОКОЛ,бензин неетильований А-95-Євро5-Е5,"ТОВ «ГЛУСКО УКРАЇНА» , вул. Солом’янська,11, м. Київ, 03110, Україна.",інформація відсутня,na,"94,8",na,"43,5","60,0","93,0",na,na,na,відсутність,"0,5",na,na,na,"6,2","5,271","32,7","0,700","0,2","0,3","<0,17","<0,17","<0,17","5,5"
60,457/19,D:\Margo\python\protocols\Protocol_152.docx,ПРОТОКОЛ,бензин неетильований АИ-92-К5-Євро,"Орган з оцінки відповідності ТОВ «Науково-виробниче підприємство «ДІН ЛТД»,","ОАО «Mозырский НПЗ»,247760, г. Мозырь-11, Гомельская область,",na,"84,3",93,na,na,na,na,na,na,відсутність,na,na,Детонаційна стійкість:-,na,na,"7,842","32,4",na,"<0,17","<0,17","<0,17","<0,17","<0,17","<0,17"
61,541/19,D:\Margo\python\protocols\Protocol_153.docx,ПРОТОКОЛ,бензин автомобільний А-92,"Орган з оцінки відповідності ТОВ «Науково-виробниче підприємство «ДІН ЛТД»,",інформація відсутня,na,na,na,na,na,na,na,na,na,na,na,na,na,na,"7,7",na,"29,4","0,882",na,na,na,na,na,na
62,679/19,D:\Margo\python\protocols\Protocol_154.docx,ПРОТОКОЛ,бензин автомобільний неетильований А-98 «SUPE,"ТОВ «ГРАНД-ПЕТРОЛ», 04073, м. Київ, Оболонський р-н, просп. Степана Бандери, 22 код ЄДРПОУ 39641883.",АО «ОРЛЕН Летува»,na,na,"88,1",na,na,na,na,na,na,na,na,na,na,na,na,na,na,na,na,na,na,na,na,na
63,613/19,D:\Margo\python\protocols\Protocol_155.docx,ПРОТОКОЛ,бензин автомобільний довготривалого зберігання А-80-Д,"Орган з сертифікації та оцінки відповідності продукції і послуг ТОВ «Орган з сертифікації «ПРОМСТАНДАРТ», 49000, м. Дніпро, вул. Старокозацька,56,к. 2,3, (ТОВ «Ферст Груп», 49000, Дніпропетровська область, м. Дніпро, вул. Троїцька, буд. 15/3, оф. 2, код ЄДРПОУ 41701663.","ТОВ «Ферст Груп», м. Кам’янське, Західний проїзд, 5.","747,8","80,7","76,0",na,na,na,"60,5","105,0","149,0","192,5","1,1","58,5",,1,"7,9","0,717","32,9","0,795","(< 0,17(відсутність)","< 0,17(відсутність)","(< 0,17(відсутність)","(< 0,17(відсутність)","(< 0,17(відсутність)","(< 0,17(відсутність)"
64,625/19,D:\Margo\python\protocols\Protocol_156.docx,ПРОТОКОЛ,Бензин А-95,"Дочірнє Підприємство «Автотрейдінг-Одеса», 65054, Україна, м. Одеса, вул.. 6-й км. Овідіопольської дороги,10/2.",інформація відсутня,na,na,na,na,na,na,na,na,na,"(< 0,17(відсутність)",na,na,na,na,na,na,na,na,"< 0,17(відсутність)","< 0,17(відсутність)","(< 0,17(відсутність)","(< 0,17(відсутність)","(< 0,17(відсутність)","16,6"
65,643/19,D:\Margo\python\protocols\Protocol_157.docx,ПРОТОКОЛ,бензин автомобільний неетильований А-98 «Super»  з,"ТОВ «ГРАНД-ПЕТРОЛ», 04073, м. Київ, Оболонський р-н, просп. Степана Бандери, 22 код ЄДРПОУ 39641883.",АО «ОРЛЕН Летува»,na,"98,0",na,"28,0","55,5","90,5",na,na,na,"195,0","1,4",na,na,na,"3,7",na,"31,5","0,910","0,5","Менше 0,17","Менше 0,17","Менше 0,17","Менше 0,17","14,7"
66,700/19,D:\Margo\python\protocols\Protocol_158.docx,ПРОТОКОЛ,"бензин автомобільний, неетильований А-98 «Super»","ОРГАН З СЕРТИФІКАЦІЇ “10 ХІММОТОЛОГІЧНИЙ ЦЕНТР”, 03115, м. Київ, вул. Відпочинку, 9а, (за заявкою Akcinе bendrove «ORLEN Lietuva», (Juodeіkiai, LT-89467, Mazeikiai, Lietuva, Литва).","Akcinе bendrove «ORLEN Lietuva», (Juodeіkiai, LT-89467, Mazeikiai, Lietuva,",na,na,na,na,na,na,na,na,na,відсутність,na,na,na,na,na,"6,585",na,na,"<0,17","<0,17","<0,17","<0,17","<0,17","14,3"
67,701/19,D:\Margo\python\protocols\Protocol_159.docx,ПРОТОКОЛ,"бензин автомобільний, неетильований А-98 «Super»","ОРГАН З СЕРТИФІКАЦІЇ “10 ХІММОТОЛОГІЧНИЙ ЦЕНТР”, 03115, м. Київ, вул. Відпочинку, 9а, (за заявкою Akcinе bendrove «ORLEN Lietuva», (Juodeіkiai, LT-89467, Mazeikiai, Lietuva, Литва).","Akcinе bendrove «ORLEN Lietuva», (Juodeіkiai, LT-89467, Mazeikiai, Lietuva,",na,na,na,na,na,na,na,na,na,відсутність,na,na,na,na,na,"9,525",na,na,"<0,17","<0,17","<0,17","<0,17","<0,17","14,7"
68,1217/19,D:\Margo\python\protocols\Protocol_16.docx,ПРОТОКОЛ,бензин А-92-Євро5-Е5,"Головне управлiння Держпродспоживслужби в Херсонськiй областi 7300 м.Херсон, вул. Перекопська, 17, код за ЄДРПОУ 4040867",Інформація відсутня,na,"91,6","81,1",na,na,na,na,na,na,"<0,17",na,"70,0",na,na,"14,3","1,21",na,"1,498","6,4","9,1","<0,17","0,2","<0,17","<0,17"
69,702/19,D:\Margo\python\protocols\Protocol_160.docx,ПРОТОКОЛ,"бензин автомобільний, неетильований А-98 «Super»","ОРГАН З СЕРТИФІКАЦІЇ “10 ХІММОТОЛОГІЧНИЙ ЦЕНТР”, 03115, м. Київ, вул. Відпочинку, 9а, (за заявкою Akcinе bendrove «ORLEN Lietuva», (Juodeіkiai, LT-89467, Mazeikiai, Lietuva, Литва).","Akcinе bendrove «ORLEN Lietuva», (Juodeіkiai, LT-89467, Mazeikiai, Lietuva,",na,na,na,na,na,na,na,na,na,відсутність,na,na,na,na,na,"9,474",na,na,"0,21","0,19","<0,17","<0,17","<0,17","14,7"
70,703/19,D:\Margo\python\protocols\Protocol_161.docx,ПРОТОКОЛ,"бензин автомобільний, неетильований А-95 «Premium»","ОРГАН З СЕРТИФІКАЦІЇ “10 ХІММОТОЛОГІЧНИЙ ЦЕНТР”, 03115, м. Київ, вул. Відпочинку, 9а, (за заявкою Akcinе bendrove «ORLEN Lietuva», (Juodeіkiai, LT-89467, Mazeikiai, Lietuva, Литва).","Akcinе bendrove «ORLEN Lietuva», (Juodeіkiai, LT-89467, Mazeikiai, Lietuva,",na,na,na,na,na,na,na,na,na,відсутність,na,na,na,na,na,"12,084",na,na,"0,671","<0,17","<0,17","<0,17","<0,17","14,2"
71,704/19,D:\Margo\python\protocols\Protocol_162.docx,ПРОТОКОЛ,"бензин автомобільний, неетильований А-95 «Premium»","ОРГАН З СЕРТИФІКАЦІЇ “10 ХІММОТОЛОГІЧНИЙ ЦЕНТР”, 03115, м. Київ, вул. Відпочинку, 9а, (за заявкою Akcinе bendrove «ORLEN Lietuva», (Juodeіkiai, LT-89467, Mazeikiai, Lietuva, Литва).","Akcinе bendrove «ORLEN Lietuva», (Juodeіkiai, LT-89467, Mazeikiai, Lietuva,",na,na,na,na,na,na,na,na,na,відсутність,na,na,na,na,na,10.307,na,na,"<0,17","<0,17","<0,17","<0,17","<0,17","10,4"
72,705/19,D:\Margo\python\protocols\Protocol_163.docx,ПРОТОКОЛ,"бензин автомобільний, неетильований А-95 «Premium","ОРГАН З СЕРТИФІКАЦІЇ “10 ХІММОТОЛОГІЧНИЙ ЦЕНТР”, 03115, м. Київ, вул. Відпочинку, 9а, (за заявкою Akcinе bendrove «ORLEN Lietuva», (Juodeіkiai, LT-89467, Mazeikiai, Lietuva, Литва).","Akcinе bendrove «ORLEN Lietuva», (Juodeіkiai, LT-89467, Mazeikiai, Lietuva,",na,na,na,na,na,na,na,na,na,відсутність,na,na,na,na,na,"12,626",na,na,"0,534","<0,17","<0,17","<0,17","<0,17","14,7"
73,730/19,D:\Margo\python\protocols\Protocol_164.docx,ПРОТОКОЛ,бензин автомобільний неетильований А-95 «Premium»,"ТОВ «ГРАНД-ПЕТРОЛ», 04073, м. Київ, Оболонський р-н, просп. Степана Бандери, 22 код ЄДРПОУ 39641883.",АО «ОРЛЕН Летува»,na,"96,1",na,"39,0","63,0","91,5",na,na,na,"189,0","1,0",na,na,na,"6,6",na,"27,4","0,765","0,6","Менше 0,17","Менше 0,17","Менше 0,17","Менше 0,17","13,0"
74,755/19,D:\Margo\python\protocols\Protocol_165.docx,ПРОТОКОЛ,Бензин автомобільний А-95-Євро5-Е5 (бензин не,-1,"Білорусь,  ВАТ «Мозирський нафтопереробний завод",na,"96,2","85,4",na,na,na,na,na,na,-,na,"48,0",na,na,"7,6","11,477","25,9","0,813","0,7","0,4","Менше 0,17","Менше 0,17","Менше 0,17","14,2"
75,915/19,D:\Margo\python\protocols\Protocol_166.docx,ПРОТОКОЛ,бензин автомобільний А-92-Євро5-Е5,"ТОВ «Ферст Груп», 49000, Дніпропетровська область, м. Дніпро, вул. Троїцька, буд. 15/3, оф. 2, код ЄДРПОУ 41701663).","ТОВ «Ферст Груп», м. Кам’янське, Західний проїзд, 5.","736,9","92,0","83,3","44,5","61,0","91,0",na,na,na,"184,0","0,8","59,8",,1,"5,2","0,452","32,6","0,636","(< 0,17(відсутність)","< 0,17(відсутність)","(< 0,17(відсутність)","(< 0,17(відсутність)","(< 0,17(відсутність)","10,8"
76,916/19,D:\Margo\python\protocols\Protocol_167.docx,ПРОТОКОЛ,бензин автомобільний А-95-Євро5-Е5,"ТОВ «Ферст Груп», 49000, Дніпропетровська область, м. Дніпро, вул. Троїцька, буд. 15/3, оф. 2, код ЄДРПОУ 41701663).","ТОВ «Ферст Груп», м. Кам’янське, Західний проїзд, 5.","742,5","95,7","85,9","28,5","51,5","85,5",na,na,na,"205,0","0,9","56,3",,1,"4,9","11,314","33,7","0,549","(< 0,17(відсутність)","< 0,17(відсутність)","(< 0,17(відсутність)","(< 0,17(відсутність)","(< 0,17(відсутність)","1(< 0,17(відсутність)"
77,942/19,D:\Margo\python\protocols\Protocol_168.docx,ПРОТОКОЛ,бензин автомобільний А-95-Євро5-Е5,"ТОВ «Глуско Рітейл», м. Київ, вул. Солом’янська,11.",«ORLEN Lietuva».,"745,7","95,6","85,4","31,0","55,5","87,0",na,na,na,"197,5","1,1","52,0",,2,"6,2","11,914","30,36","0,696","0,4","< 0,17(відсутність)","(< 0,17(відсутність)","(< 0,17(відсутність)","(< 0,17(відсутність)","10,6"
78,943/19,D:\Margo\python\protocols\Protocol_169.docx,ПРОТОКОЛ,бензин автомобільний МАХХ А-95-Євро5-Е5,"ТОВ «Глуско Рітейл», м. Київ, вул. Солом’янська,11.","«ORLEN Lietuva». , (постачальник) ТОВ «Глуско Рітейл","745,9","95,6","85,4","30,0","55,0","87,0",na,na,na,"199,5","1,1","52,5",,1,"6,1","12,094","30,5","0,680","0,5","< 0,17(відсутність)","(< 0,17(відсутність)","(< 0,17(відсутність)","(< 0,17(відсутність)","9,5"
79,1306/19,D:\Margo\python\protocols\Protocol_17.docx,ПРОТОКОЛ,бензин автомобільний А-95-Євро5-Е5,"Державна служба України з питань безпечності харчових продуктів та захисту споживачів, Головне управління Держпродспоживслужби в Одеській області, вул. 7-а Пересипська, 6, м. Одеса, 65042, код ЄДРПОУ 40342996","ВАТ «Мозирський нафтопереробний завод», Білорусь",na,"95,0","85,0",na,na,na,na,na,na,-,na,"64,7",na,na,"6,0","9,55","31,2","0,453","<0,17","<0,17","<0,17","<0,17","<0,17","6,8"
80,950/19,D:\Margo\python\protocols\Protocol_170.docx,ПРОТОКОЛ,бензин автомобільний А-92-Євро5-Е5,"Орган з сертифікації та оцінки відповідності продукції і послуг ТОВ «Орган з сертифікації «ПРОМСТАНДАРТ», 49000, м. Дніпро, вул. Старокозацька,56,к. 2,3, (ТОВ «Ферст Груп», 49000, Дніпропетровська область, м. Дніпро, вул. Троїцька, буд. 15/3, оф. 2, код ЄДРПОУ 41701663.","ТОВ «Ферст Груп», м. Кам’янське, Західний проїзд, 5.","739,2","92,0","84,3","41,5","58,5","89,5",na,na,na,"187,5","0,9","55,8",,1,"5,1","3,013","33,1","0,616","(< 0,17(відсутність)","< 0,17(відсутність)","(< 0,17(відсутність)","(< 0,17(відсутність)","(< 0,17(відсутність)","9,2"
81,951/19,D:\Margo\python\protocols\Protocol_171.docx,ПРОТОКОЛ,бензин автомобільний А-95-Євро5-Е5,"Орган з сертифікації та оцінки відповідності продукції і послуг ТОВ «Орган з сертифікації «ПРОМСТАНДАРТ», 49000, м. Дніпро, вул. Старокозацька,56,к. 2,3, (ТОВ «Ферст Груп», 49000, Дніпропетровська область, м. Дніпро, вул. Троїцька, буд. 15/3, оф. 2, код ЄДРПОУ 41701663.","ТОВ «Ферст Груп», м. Кам’янське, Західний проїзд, 5.","742,5","95,0","85,1","31,0","54,0","81,5",na,na,na,"198,0","1,1","53,6",,1,"4,7","10,795","33,4","0,536","(< 0,17(відсутність)","< 0,17(відсутність)","(< 0,17(відсутність)","(< 0,17(відсутність)","(< 0,17(відсутність)","3,8"
82,125/19,D:\Margo\python\protocols\Protocol_172.docx,ПРОТОКОЛ,"бензин автомобільний неетильований А-95 «Premium» з вмістом кисню до 2,7% мас., клас D.","ТОВ «ГРАНД-ПЕТРОЛ», 04073, м. Київ, Оболонський р-н, просп. Степана Бандери, 22, код ЄДРПОУ 39641883.",АО «ОРЛЕН ЛЕТУВА».,na,na,"85,1","41,5","63,0","89,5",na,na,na,"<0,17","1,1",na,na,na,"7,3",na,"26,2","0,705","<0,17","<0,17","<0,17","<0,17","<0,17","11,6"
83,197/19,D:\Margo\python\protocols\Protocol_173.docx,ПРОТОКОЛ,бензин автомобільний неетильований А-98 «Super » з вмістом кисню,"ТОВ «ГРАНД ПЕТРОЛ», 04073, м. Київ, Оболонський р-н, проспект Степана Бандери, 22 (код ЄДРПОУ 39641883)",АО «ОРЛЕН Летува».,na,"98,1",na,38,"62,0","91,0",na,na,na,"Менше 0,17","1,2",na,na,na,"5,9",na,"28,1","0,914","0,31","0,3","Менше 0,17","Менше 0,17","Менше 0,17","12,3"
84,226/19,D:\Margo\python\protocols\Protocol_174.docx,ПРОТОКОЛ,паливо моторне альтернативне А-80А-ДЗ для інжекторних та карбюраторних двигунів,"Орган з сертифікації та оцінки відповідності продукції і послуг ТОВ «Орган з сертифікації ПРОМСТАНДАРТ», 49000, м. Дніпро, вул. Старокозацька, 56, к.2,3 (за заявкою ТОВ «Ферст Груп», 49000, Дніпропетровська область, м. Дніпро, вул. Троїцька, буд. 15/3, оф. 2, код ЄДРПОУ 41701663).","ТОВ «Ферст Груп», м. Кам’янське, Західний проїзд, 5.","720,1","89,4","84,7",na,na,na,"47,0","66,5","162,5","192,5","1,0","60,9",,1,"<3 (1,1)",na,"26,0","0,022","Менше 0,17","Менше 0,17","Менше 0,17","Менше 0,17","Менше 0,17","Менше 0,17"
85,324/19,D:\Margo\python\protocols\Protocol_175.docx,ПРОТОКОЛ,бензин автомобільний неетильований А-95 «Premium» з вмістом кисню,"ТОВ «ГРАНД ПЕТРОЛ», 04073, м. Київ, Оболонський р-н, проспект Степана Бандери, 22 (код ЄДРПОУ 39641883)",АО «ОРЛЕН Летува».,na,na,na,"39,5","62,0","91,5",na,na,na,"Менше 0,17","1,2",na,na,na,"5,5",na,"24,8","0,590","0,31","0,3","Менше 0,17","Менше 0,17","Менше 0,17","13,4"
86,1362/19,D:\Margo\python\protocols\Protocol_18.docx,ПРОТОКОЛ,бензин А-92 Євро. (проба №222),"ДП «ОРГАН З СЕРТИФІКАЦІЇ  НАФТОПРОДУКТІВ ТА СИСТЕМ ЯКОСТІ «МАСМА-СЕПРО», м. Київ, проспект Академіка Палладіна,46,корпус 4.",ПАТ «Укртатнафта»,na,na,"82,1",na,na,na,na,na,na,-,na,na,na,na,"31,4","3,381",na,"0,988","0,2","11,1","<0,17","11,1","<0,17","8,7"
87,1363/19,D:\Margo\python\protocols\Protocol_19.docx,ПРОТОКОЛ,бензин А-95 Євро. (проба №223),"ДП «ОРГАН З СЕРТИФІКАЦІЇ  НАФТОПРОДУКТІВ ТА СИСТЕМ ЯКОСТІ «МАСМА-СЕПРО», м. Київ, проспект Академіка Палладіна,46,корпус 4.",ПАТ «Укртатнафта»,na,na,"84,0",na,na,na,na,na,na,-,na,na,na,na,"67,2","6,024",na,"1,530","0,3","8,9","<0,17","7,7","<0,17","11,4"
88,1049/19,D:\Margo\python\protocols\Protocol_2.docx,ПАСПОРТ,бензин автомобільний довготривалого зберігання А-80-ДЗ,-1,"постачальник: ТОВ «Ферст Груп», м. Кам’янське, Західний проїзд, 5","751,4","83,8","78,7",na,na,na,"64,5","101,5","153,0","192,5","1,0","49,5",,"1,0","3,3","1,602","34,7","0,938",відсутність,na,відсутність,відсутність,відсутність,відсутність
89,1494/19,D:\Margo\python\protocols\Protocol_21.docx,ПРОТОКОЛ,"бензин автомобільний неетильованого А-95 «Premium» з вмістом кисню до 2,7 % мас., клас D","ТОВ «Гранд-Петрол», 04073, м. Київ, Оболонський р-н., проспект Степана Бандери, 22, код ЄДРПОУ 39641883",АО «ОРЛЕН Летува»,na,"95,7",na,"46,5","68,5","93,5",na,na,na,"179,5","1,0",na,na,na,"5,4",na,"22,7","0,711","Менше 0,17","0,3","Менше 0,17","Менше 0,17","0,7","10,6"
90,1512/19,D:\Margo\python\protocols\Protocol_22.docx,ПРОТОКОЛ,"бензин автомобільний неетильованого А-95 «Premium» з вмістом кисню до 2,7 % мас., клас В","ТОВ «Гранд-Петрол», 04073, м. Київ, Оболонський р-н., проспект Степана Бандери, 22, код ЄДРПОУ 39641883",АО «ОРЛЕН Летува»,na,"95,6",na,na,na,na,na,na,na,-,na,na,na,na,na,na,na,na,"0,3","Менше 0,17","Менше 0,17","Менше 0,17","Менше 0,17","10,9"
91,1572/19,D:\Margo\python\protocols\Protocol_23.docx,ПРОТОКОЛ,"бензин автомобільний Shebel-А-92-Євро5-Е5, проба №18","Управління з переробки газу та газового конденсату ПАТ «Укргазвидобування», (Філія управління з переробки газу та газового конденсату, 39420, Україна, Полтавська область, Машівський р-н, с. Базилівщина, вул.. Польова,6, код ЄДРПОУ 25976423)",Управління з переробки газу та газового конденсату ПАТ «Укргазвидобування»,"749,6","93,2","84,9","36,5","51,5","88,0",na,na,na,"191,0","1,0","55,4",,1,"7,5","2,161","36,483","0,791","< 0,17(відсутність","< 0,17(відсутність)","(< 0,17(відсутність)","(< 0,17(відсутність)","(< 0,17(відсутність)","10,51"
92,1589/19,D:\Margo\python\protocols\Protocol_25.docx,ПРОТОКОЛ,бензин автомобільний неетильований А-92-Євро5-Е5,"Державна служба України з питань безпечності харчових продуктів та захисту споживачів, Головне управління Держпродспоживслужби в Одеській області, вул. 7-а Пересипська, 6, м. Одеса, 65042, код ЄДРПОУ 40342996","ВАТ «Мозирський нафтопереробний завод», Білорусь",na,"92,2","83,1",na,na,na,na,na,na,-,na,"56,9",na,na,"45,4","7,926","31,299","1,146","<0,17","0,951","<0,17","<0,17","<0,17","2,48"
93,1764/19,D:\Margo\python\protocols\Protocol_26.docx,ПРОТОКОЛ,бензину автомобільний А-92-Євро5-Е5,"Головне управління Держпродспоживслужби в Херсонській області,  7300, м. Херсон, вул. Перекопська, 17, код за ЄДРПОУ 4040867","Шебелинське відділення з переробки газового конденсату і нафти, с. Андріївка, Балаклійський р-н., Харківська обл. підрозділ Управління з переробки газу та газового конденсату АТ «Укргазвидобування», вул. Польова, 6, с. Базилівщина, Машівський р-н., Полтавська обл",na,"93,5","84,0",na,na,na,na,na,na,-,na,"66,7",na,na,"12,3","2,948",na,"1,246","1,8","20,8","<0,17","<0,17","<0,17","1,1"
94,1795/19,D:\Margo\python\protocols\Protocol_27.docx,ПРОТОКОЛ,бензину автомобільний А-95-Євро5-Е5,"Головне управління Держпродспоживслужби в Херсонській області,  7300, м. Херсон, вул. Перекопська, 17, код за ЄДРПОУ 40408678","ПАТ «Укрнафта», 39610, Україна, Полтавська обл, м.Кременчук, вул. Свіштовська, 3",na,"95,1","86,0",na,na,na,na,na,na,-,na,"71,6",na,na,"6,3","5,658",na,"0,595","<0,17","<0,17","<0,17","<0,17","<0,17","11,4"
95,291/19,D:\Margo\python\protocols\Protocol_29.docx,ПРОТОКОЛ,бензин автомобільний – проба № 1-9210,"ТОВ «Науково-виробниче підприємство «ДІН ЛТД», м. Київ, вул. Коноплянська, 12 код ЄДРПОУ 31999821 для ТОВ «Альянс Ойл Трейдінг»",інформація відсутня,na,na,na,na,na,na,na,na,na,na,na,na,na,na,"6,7",na,"31,5","0,702",na,na,na,na,na,na
96,1062/19,D:\Margo\python\protocols\Protocol_3.docx,ПАСПОРТ,бензин автомобільний довготривалого зберігання А-80-ДЗ,-1,"постачальник: ТОВ «Ферст Груп», м. Кам’янське, Західний проїзд, 5","751,2","83,8","79,0",na,na,na,"65,0","102,0","153,5","194,0","1,0","48,8",,"1,0","3,3","1,591","34,7","0,935",відсутність,na,відсутність,відсутність,відсутність,відсутність
97,292/19,D:\Margo\python\protocols\Protocol_30.docx,ПРОТОКОЛ,бензин автомобільний – проба № 2-9220,"ТОВ «Науково-виробниче підприємство «ДІН ЛТД», м. Київ, вул. Коноплянська, 12 код ЄДРПОУ 31999821 для ТОВ «Альянс Ойл Трейдінг»",інформація відсутня,na,na,na,na,na,na,na,na,na,na,na,na,na,na,"7,1",na,"30,3","0,855",na,na,na,na,na,na
98,746/19,D:\Margo\python\protocols\Protocol_31.docx,ПРОТОКОЛ,бензин автомобільний А-95/GASOLINE АІ-95-К5,"Орган з оцінки відповідності ДП «Рівнестандартметрологія», 33028, м. Рівне, вул. Замкова, 31 (Замовник: ТОВ «ОРАНЖ ОІЛ», 03150, Україна, м. Київ, Голосіївський р-н., вул. Велика Васильківська, буд. 77-А, нежиле приміщення б/н, код ЄДРПОУ 40083098)","ООО «ГАЗПРОМ НЕФТЕХИМ САЛАВАТ», 453256, Республика Башкортостан,       г. Салават, ул. Молодогвардейцев, 30, Російська Федерація",na,"95,1","86,5",na,na,na,na,na,na,-,na,"48,8",na,na,"<3(1,1)","0,124","34,9","0,201","<0,17","<0,17","<0,17","<0,17","<0,17","4,27"
99,873/19,D:\Margo\python\protocols\Protocol_32.docx,ПРОТОКОЛ,бензин автомобільний Shebel-А-95-Євро5-Е5,"Державна служба України з питань безпечності харчових продуктів та захисту споживачів, Головне управління Держпродспоживслужби в Одеській області, вул. 7-а Пересипська, 6, м. Одеса, 65042, код ЄДРПОУ 40342996",УПГГК Шебелинське відділення з переробки газового конденсату і нафти АТ «Укргазвидобування»,na,"95,3","85,9",na,na,na,na,na,na,"<0,17",na,"57,7",na,na,"11,4","0,335","17,0","0,757","<0,17","3,4","<0,17","<0,17","<0,17","8,6"
100,1085/19,D:\Margo\python\protocols\Protocol_33.docx,ПАСПОРТ,-1,-1,"інформація відсутня;  Сертифікат відповідності: інформація відсутня;Виробник: (постачальник): ТОВ «Ферст Груп», м. Кам’янське, Західний проїзд, 5. Нафтобаза: інформація відсутня.Проба №1085/19КР; резервуари: В\Ц №75079970, 73948580,72844665,73742116,74748872","753,7","83,1","78,0",na,na,na,"68,0","106,0","159,0","196,0","1,1","47,6",,"1,0","4,6","1,591","34,9","0,988",відсутність,na,відсутність,відсутність,відсутність,відсутність
101,1086/19,D:\Margo\python\protocols\Protocol_34.docx,ПАСПОРТ,-1,-1,"інформація відсутня;  Сертифікат відповідності: інформація відсутня;Виробник: (постачальник): ТОВ «Ферст Груп», м. Кам’янське, Західний проїзд, 5. Нафтобаза: інформація відсутня.Проба №1085/19КР; резервуари: В\Ц №74734229, 75080168,73948077,7394878,74949280","753,7","83,1","78,0",na,na,na,"68,0","106,0","159,0","196,0","1,1","47,6",,"1,0","4,6","1,591","34,9","0,988",відсутність,na,відсутність,відсутність,відсутність,відсутність
102,1088/19,D:\Margo\python\protocols\Protocol_35.docx,ПАСПОРТ,-1,-1,"інформація відсутня;  Сертифікат відповідності: інформація відсутня;Виробник: (постачальник): ТОВ «Ферст Груп», м. Кам’янське, Західний проїзд, 5. Нафтобаза: інформація відсутня.Проба №1085/19КР; резервуари: В\Ц №72846447, 74229444,74046236,77209955,74235375","753,2","81,4","77,6",na,na,na,"67,0","105,0","155,0","197,0","1,0","47,1",,"1,0","4,7","1,572","34,9","0,975",відсутність,na,відсутність,відсутність,відсутність,відсутність
103,1093/19,D:\Margo\python\protocols\Protocol_36.docx,ПАСПОРТ,-1,-1,"інформація відсутня;  Сертифікат відповідності: інформація відсутня;Виробник: (постачальник): ТОВ «Ферст Груп», м. Кам’янське, Західний проїзд, 5. Нафтобаза: інформація відсутня.Проба №1085/19КР; резервуари: В\Ц №73991671, 73924813, 74748401, 72800188, 74738535","749,2","82,3","78,1",na,na,na,"64,5","102,0","154,0","195,0","1,0","47,6",,"1,0","4,4","1,518","34,5","0,887",відсутність,na,відсутність,відсутність,відсутність,відсутність
104,1102/19,D:\Margo\python\protocols\Protocol_37.docx,ПАСПОРТ,-1,-1,"інформація відсутня;  Сертифікат відповідності: інформація відсутня;Виробник: (постачальник): ТОВ «Ферст Груп», м. Кам’янське, Західний проїзд, 5. Нафтобаза: інформація відсутня.Проба №1085/19КР; резервуари: В\Ц №74735820, 73996100, 74928177, 73745341,74751752","753,2","81,4","77,6",na,na,na,"67,0","105,0","155,0","197,0","1,0","47,1",,"1,0","4,7","1,572","34,9","0,975",відсутність,na,відсутність,відсутність,відсутність,відсутність
105,1120/19,D:\Margo\python\protocols\Protocol_38.docx,ПАСПОРТ,-1,-1,"інформація відсутня;  Сертифікат відповідності: інформація відсутня;Виробник: (постачальник): ТОВ «Ферст Груп», м. Кам’янське, Західний проїзд, 5. Нафтобаза: інформація відсутня.Проба №1120/19КР; резервуари: В\Ц №74742552, 72821846, 74735705,74925926, 74126889","746,8","82,7","78,2",na,na,na,"63,0","100,0","150,0","192,0","1,1","50,0",,"1,0","4,7","1,44","33,2","0,890",відсутність,na,відсутність,відсутність,відсутність,відсутність
106,1121/19,D:\Margo\python\protocols\Protocol_39.docx,ПАСПОРТ,-1,-1,"інформація відсутня;  Сертифікат відповідності: інформація відсутня;Виробник: (постачальник): ТОВ «Ферст Груп», м. Кам’янське, Західний проїзд, 5. Нафтобаза: інформація відсутня.Проба №1121/19КР; резервуари: В\Ц №74127986, 73949257, 73948655,74209453, 73992364, 72869209 кількість:451,980м³Акт відбору проби № 25.08.2019 від  “25”серпня 2019р. ТОВ «Ферст Груп», м. Кам’янське, Західний проїзд, 5.Дата проведення лабораторних випробувань: “26-27” серпня 2019р","748,2","81,0","77,0",na,na,na,"64,0","101,0","153,0","195,0","1,1","51,0",,"1,0","5,9","1,571","34,1","0,864",відсутність,na,відсутність,відсутність,відсутність,відсутність
107,1063/19,D:\Margo\python\protocols\Protocol_4.docx,ПАСПОРТ,бензин автомобільний довготривалого зберігання А-80-ДЗ,-1,"постачальник: ТОВ «Ферст Груп», м. Кам’янське, Західний проїзд, 5","751,6","83,7","79,0",na,na,na,"65,5","102,0","154,0","193,5","1,0","49,0",,"1,0","3,9","1,633","34,1","0,953",відсутність,na,відсутність,відсутність,відсутність,відсутність
108,1123/19,D:\Margo\python\protocols\Protocol_40.docx,ПАСПОРТ,-1,-1,"інформація відсутня;  Сертифікат відповідності: інформація відсутня;Виробник: (постачальник): ТОВ «Ферст Груп», м. Кам’янське, Західний проїзд, 5. Нафтобаза: інформація відсутня.Проба №1123/19КР; резервуари: В\Ц №74735705, 73725988,74126889,74742552, 72821846,74738519","748,7","82,8","78,2",na,na,na,"65,5","100,0","150,0","192,0","1,1","47,6",,"1,0","4,3","1,453","34,0","0,878",відсутність,na,відсутність,відсутність,відсутність,відсутність
109,1191/19,D:\Margo\python\protocols\Protocol_41.docx,ПАСПОРТ,-1,-1,"інформація відсутня;  Сертифікат відповідності: інформація відсутня;Виробник: (постачальник): ТОВ «Ферст Груп», м. Кам’янське, Західний проїзд, 5. Нафтобаза: інформація відсутня.Проба №1191/19КР; резервуари: В\Ц №72824238, 74246760, 74735242, 74946716, 73934127","749,0","82,2","78,0",na,na,na,"67,5","103,0","154,0","195,5","1,0","50,6",,"1,0","8,4","1,664","32,9","0,791",відсутність,na,відсутність,відсутність,відсутність,відсутність
110,1208/19,D:\Margo\python\protocols\Protocol_42.docx,ПАСПОРТ,-1,-1,"інформація відсутня;  Сертифікат відповідності: інформація відсутня;Виробник: (постачальник): ТОВ «Ферст Груп», м. Кам’янське, Західний проїзд, 5. Нафтобаза: інформація відсутня.Проба №1208/19КР; резервуари: В\Ц №73922064, 74246330, 73719825, 72883325, 73949869","747,5","83,1","78,8",na,na,na,"64,5","102,5","154,5","193,0","1,0","47,1",,"1,0","5,4","1,51","33,1","0,846",відсутність,na,відсутність,відсутність,відсутність,відсутність
111,1209/19,D:\Margo\python\protocols\Protocol_43.docx,ПАСПОРТ,-1,-1,"інформація відсутня;  Сертифікат відповідності: інформація відсутня;Виробник: (постачальник): ТОВ «Ферст Груп», м. Кам’янське, Західний проїзд, 5. Нафтобаза: інформація відсутня.Проба №1209/19КР; резервуари: В\Ц №73950321, 74734682, 75079236, 73950859","747,8","83,1","78,7",na,na,na,"63,0","100,0","152,0","193,5","1,1","47,6",,"1,0","7,1","1,60","33,0","0,667",відсутність,na,відсутність,відсутність,відсутність,відсутність
112,1236/19,D:\Margo\python\protocols\Protocol_44.docx,ПАСПОРТ,-1,-1,"інформація відсутня;  Сертифікат відповідності: інформація відсутня;Виробник: (постачальник): ТОВ «Ферст Груп», м. Кам’янське, Західний проїзд, 5. Нафтобаза: інформація відсутня.Проба №1236/19КР; резервуари: В\Ц №74127861, 72322852, 77215481, 72870157","746,2","83,2","78,1",na,na,na,"62,5","100,0","151,0","196,5","1,0","49,5",,"1,0","4,7","1,92","33,1","0,690",відсутність,na,відсутність,відсутність,відсутність,відсутність
113,1317/19,D:\Margo\python\protocols\Protocol_45.docx,ПАСПОРТ,-1,-1,"вересень 2019;  Сертифікат відповідності: інформація відсутня;Виробник: (постачальник): ТОВ «Ферст Груп», м. Кам’янське, Західний проїзд, 5. Нафтобаза: інформація відсутня.Проба №1317/19КР; резервуар №4","748,9","86,0","79,9",na,na,na,"60,5","102,5","147,5","187,0","1,0","56,7",,"1,0","9,8","1,987","34,5","0,941",відсутність,na,відсутність,відсутність,відсутність,відсутність
114,1634/19,D:\Margo\python\protocols\Protocol_46.docx,ПАСПОРТ,-1,"Комунальне підприємство «Маріупольське трамвайно-тролейбусне управління», вул. Миколаївська, 92, м. Маріуполь, 87500.Виробник (постачальник): ПАТ «Укртатнафта»;","Комунальне підприємство «Маріупольське трамвайно-тролейбусне управління», вул. Миколаївська, 92, м. Маріуполь, 87500.Виробник (постачальник): ПАТ «Укртатнафта»;","741,1","92,2","84,1","34,0","57,5","85,5",na,na,na,"194,5","0,9","65,8",Детонаційна стійкість:,1,"7,3","3,925","29,428","0,634","<0,17",na,"<0,17","<0,17","<0,17","12,3"
115,779/19,D:\Margo\python\protocols\Protocol_47.docx,ПАСПОРТ,Бензин  автомобільний А-95-Євро 5-Е5,Комунальне підприємство «Маріупольське виробниче управління водопровідно-каналізаційного господарства»,ПАТ «Укртатнафта»,"757,1","95,0","85,7","23,5","85,0","94,0",na,na,na,"183,8","0,6","46,0",>360,1,"34,7","0,729","7,0","0,886","0,3",na,"<0,17","9,9","<0,17","4,8"
116,1012/19,D:\Margo\python\protocols\Protocol_48.docx,ПРОТОКОЛ,бензин автомобільний довготривалого зберігання А-80-Д,"(ТОВ «Ферст Груп», 49000, Дніпропетровська область, м. Дніпро, вул. Троїцька, буд. 15/3, оф. 2, код ЄДРПОУ 41701663.","ТОВ «Ферст Груп», м. Кам’янське, Західний проїзд, 5.","748,4","84,0","78,9",na,na,na,"64,5","101,0","154,0","193,0","0,9","47,9",,1,"3,2","1,976","33,5","0,969","(< 0,17(відсутність)","< 0,17(відсутність)","(< 0,17(відсутність)","(< 0,17(відсутність)","(< 0,17(відсутність)","(< 0,17(відсутність)"
117,1022/19,D:\Margo\python\protocols\Protocol_49.docx,ПРОТОКОЛ,бензин автомобільний неетильований А-98 «Super»   з,"ТОВ «ГРАНД-ПЕТРОЛ», 04073, м. Київ, Оболонський р-н, просп. Степана Бандери, 22 код ЄДРПОУ 39641883.",АО «ОРЛЕН Летува»,na,"99,0",na,"23,0","50,5","91,0",na,na,na,"186,5","1,1",na,na,na,"3,6",na,"34,5","0,887","1,3","Менше 0,17","Менше 0,17","Менше 0,17","Менше 0,17","14,7"
118,1076/19,D:\Margo\python\protocols\Protocol_5.docx,ПАСПОРТ,бензин автомобільний довготривалого зберігання А-80-ДЗ,-1,"постачальник: ТОВ «Ферст Груп», м. Кам’янське, Західний проїзд, 5","754,3","83,9","78,7",na,na,na,"67,0","105,5","157,0","197,5","1,1","50,1",,"1,0","4,5","1,674","34,3","0,955",відсутність,na,відсутність,відсутність,відсутність,відсутність
119,1074/19,D:\Margo\python\protocols\Protocol_50.docx,ПРОТОКОЛ,бензин автомобільний довготривалого зберігання А-80-ДЗ,"ОРГАН З СЕРТИФІКАЦІЇ “10 ХІММОТОЛОГІЧНИЙ ЦЕНТР”, 03115, м. Київ, вул. Відпочинку, 9а.",інформація відсутня.,na,na,na,na,na,na,na,na,na,na,na,na,na,na,na,na,na,"0,940",na,na,na,na,na,na
120,1090/19,D:\Margo\python\protocols\Protocol_51.docx,ПРОТОКОЛ,бензин автомобільний довготривалого зберігання А-80-ДЗ,"ОРГАН З СЕРТИФІКАЦІЇ “10 ХІММОТОЛОГІЧНИЙ ЦЕНТР”, 03115, м. Київ, вул. Відпочинку, 9а.",інформація відсутня.,na,na,na,na,na,na,na,na,na,"(< 0,17(відсутність)",na,na,na,na,na,"1,538",na,"0,971","(< 0,17(відсутність)","< 0,17(відсутність)","(< 0,17(відсутність)","(< 0,17(відсутність)","(< 0,17(відсутність)","(< 0,17(відсутність)"
121,1137/19,D:\Margo\python\protocols\Protocol_52.docx,ПРОТОКОЛ,бензин автомобільний довготривалого зберігання А-80-ДЗ,"ОРГАН З СЕРТИФІКАЦІЇ “10 ХІММОТОЛОГІЧНИЙ ЦЕНТР”, 03115, м. Київ, вул. Відпочинку, 9а.",інформація відсутня.,na,na,na,na,na,na,na,na,na,"(< 0,17(відсутність)",na,na,na,na,na,"1,495",na,"0,965","(< 0,17(відсутність)","< 0,17(відсутність)","(< 0,17(відсутність)","(< 0,17(відсутність)","(< 0,17(відсутність)","(< 0,17(відсутність)"
122,1138/19,D:\Margo\python\protocols\Protocol_53.docx,ПРОТОКОЛ,бензин автомобільний довготривалого зберігання А-80-ДЗ,"ОРГАН З СЕРТИФІКАЦІЇ “10 ХІММОТОЛОГІЧНИЙ ЦЕНТР”, 03115, м. Київ, вул. Відпочинку, 9а.",інформація відсутня.,na,na,na,na,na,na,na,na,na,"(< 0,17(відсутність)",na,na,na,na,na,"1,507",na,"0,948","(< 0,17(відсутність)","< 0,17(відсутність)","(< 0,17(відсутність)","(< 0,17(відсутність)","(< 0,17(відсутність)","(< 0,17(відсутність)"
123,1154/19,D:\Margo\python\protocols\Protocol_54.docx,ПРОТОКОЛ,бензин автомобільний довготривалого зберігання А-80-ДЗ,"ОРГАН З СЕРТИФІКАЦІЇ “10 ХІММОТОЛОГІЧНИЙ ЦЕНТР”, 03115, м. Київ, вул. Відпочинку, 9а.",інформація відсутня.,na,na,na,na,na,na,na,na,na,"(< 0,17(відсутність)",na,na,na,na,na,"1,508",na,"0,984","(< 0,17(відсутність)","< 0,17(відсутність)","(< 0,17(відсутність)","(< 0,17(відсутність)","(< 0,17(відсутність)","(< 0,17(відсутність)"
124,1155/19,D:\Margo\python\protocols\Protocol_55.docx,ПРОТОКОЛ,бензин автомобільний довготривалого зберігання А-80-ДЗ,"ОРГАН З СЕРТИФІКАЦІЇ “10 ХІММОТОЛОГІЧНИЙ ЦЕНТР”, 03115, м. Київ, вул. Відпочинку, 9а.",інформація відсутня.,na,na,na,na,na,na,na,na,na,"(< 0,17(відсутність)",na,na,na,na,na,"1,508",na,"0,984","(< 0,17(відсутність)","< 0,17(відсутність)","(< 0,17(відсутність)","(< 0,17(відсутність)","(< 0,17(відсутність)","(< 0,17(відсутність)"
125,1174/19,D:\Margo\python\protocols\Protocol_56.docx,ПРОТОКОЛ,бензин автомобільний довготривалого зберігання А-80-ДЗ,"ОРГАН З СЕРТИФІКАЦІЇ “10 ХІММОТОЛОГІЧНИЙ ЦЕНТР”, 03115, м. Київ, вул. Відпочинку, 9а.",інформація відсутня.,na,na,na,na,na,na,na,na,na,"(< 0,17(відсутність)",na,na,na,na,na,"1,693",na,"0,851","(< 0,17(відсутність)","< 0,17(відсутність)","(< 0,17(відсутність)","(< 0,17(відсутність)","(< 0,17(відсутність)","(< 0,17(відсутність)"
126,1175/19,D:\Margo\python\protocols\Protocol_57.docx,ПРОТОКОЛ,бензин автомобільний довготривалого зберігання А-80-ДЗ,"ОРГАН З СЕРТИФІКАЦІЇ “10 ХІММОТОЛОГІЧНИЙ ЦЕНТР”, 03115, м. Київ, вул. Відпочинку, 9а.",інформація відсутня.,na,na,na,na,na,na,na,na,na,"(< 0,17(відсутність)",na,na,na,na,na,"1,571",na,"0,998","(< 0,17(відсутність)","< 0,17(відсутність)","(< 0,17(відсутність)","(< 0,17(відсутність)","(< 0,17(відсутність)","(< 0,17(відсутність)"
127,1184/19,D:\Margo\python\protocols\Protocol_58.docx,ПРОТОКОЛ,бензин автомобільний довготривалого зберігання А-80-ДЗ,"ОРГАН З СЕРТИФІКАЦІЇ “10 ХІММОТОЛОГІЧНИЙ ЦЕНТР”, 03115, м. Київ, вул. Відпочинку, 9а.",інформація відсутня.,na,na,na,na,na,na,na,na,na,"(< 0,17(відсутність)",na,na,na,na,na,"1,516",na,"0,991","(< 0,17(відсутність)","< 0,17(відсутність)","(< 0,17(відсутність)","(< 0,17(відсутність)","(< 0,17(відсутність)","(< 0,17(відсутність)"
128,1186/19,D:\Margo\python\protocols\Protocol_59.docx,ПРОТОКОЛ,бензин автомобільний довготривалого зберігання А-80-ДЗ,"ОРГАН З СЕРТИФІКАЦІЇ “10 ХІММОТОЛОГІЧНИЙ ЦЕНТР”, 03115, м. Київ, вул. Відпочинку, 9а.",інформація відсутня.,na,na,na,na,na,na,na,na,na,"(< 0,17(відсутність)",na,na,na,na,na,"1,567",na,"0,991","(< 0,17(відсутність)","< 0,17(відсутність)","(< 0,17(відсутність)","(< 0,17(відсутність)","(< 0,17(відсутність)","(< 0,17(відсутність)"
129,1079/19,D:\Margo\python\protocols\Protocol_6.docx,ПАСПОРТ,бензин автомобільний довготривалого зберігання А-80-ДЗ,-1,"постачальник: ТОВ «Ферст Груп», м. Кам’янське, Західний проїзд, 5","753,2","83,8","78,6",na,na,na,"67,0","106,5","159,0","197,5","1,1","47,1",,"1,0","4,6","1,551","34,6","0,975",відсутність,na,відсутність,відсутність,відсутність,відсутність
130,1193/19,D:\Margo\python\protocols\Protocol_60.docx,ПРОТОКОЛ,бензин автомобільний довготривалого зберігання А-80-ДЗ,"ОРГАН З СЕРТИФІКАЦІЇ “10 ХІММОТОЛОГІЧНИЙ ЦЕНТР”, 03115, м. Київ, вул. Відпочинку, 9а.",інформація відсутня.,na,na,na,na,na,na,na,na,na,"(< 0,17(відсутність)",na,na,na,na,na,"1,515",na,"0,906","(< 0,17(відсутність)","< 0,17(відсутність)","(< 0,17(відсутність)","(< 0,17(відсутність)","(< 0,17(відсутність)","(< 0,17(відсутність)"
131,1194/19,D:\Margo\python\protocols\Protocol_61.docx,ПРОТОКОЛ,бензин автомобільний довготривалого зберігання А-80-ДЗ,"ОРГАН З СЕРТИФІКАЦІЇ “10 ХІММОТОЛОГІЧНИЙ ЦЕНТР”, 03115, м. Київ, вул. Відпочинку, 9а.",інформація відсутня.,na,na,na,na,na,na,na,na,na,"(< 0,17(відсутність)",na,na,na,na,na,"1,70",na,"0,891","(< 0,17(відсутність)","< 0,17(відсутність)","(< 0,17(відсутність)","(< 0,17(відсутність)","(< 0,17(відсутність)","(< 0,17(відсутність)"
132,1195/19,D:\Margo\python\protocols\Protocol_62.docx,ПРОТОКОЛ,бензин автомобільний довготривалого зберігання А-80-ДЗ,"ОРГАН З СЕРТИФІКАЦІЇ “10 ХІММОТОЛОГІЧНИЙ ЦЕНТР”, 03115, м. Київ, вул. Відпочинку, 9а.",інформація відсутня.,na,na,na,na,na,na,na,na,na,"(< 0,17(відсутність)",na,na,na,na,na,"1,42",na,"0,922","(< 0,17(відсутність)","< 0,17(відсутність)","(< 0,17(відсутність)","(< 0,17(відсутність)","(< 0,17(відсутність)","(< 0,17(відсутність)"
133,1215/19,D:\Margo\python\protocols\Protocol_63.docx,ПРОТОКОЛ,бензин автомобільний довготривалого зберігання А-80-ДЗ,"ОРГАН З СЕРТИФІКАЦІЇ “10 ХІММОТОЛОГІЧНИЙ ЦЕНТР”, 03115, м. Київ, вул. Відпочинку, 9а.",інформація відсутня.,na,na,na,na,na,na,na,na,na,"(< 0,17(відсутність)",na,na,na,na,na,"1,67",na,"0,970","(< 0,17(відсутність)","< 0,17(відсутність)","(< 0,17(відсутність)","(< 0,17(відсутність)","(< 0,17(відсутність)","(< 0,17(відсутність)"
134,1216/19,D:\Margo\python\protocols\Protocol_64.docx,ПРОТОКОЛ,бензин автомобільний довготривалого зберігання А-80-ДЗ,"ОРГАН З СЕРТИФІКАЦІЇ “10 ХІММОТОЛОГІЧНИЙ ЦЕНТР”, 03115, м. Київ, вул. Відпочинку, 9а.",інформація відсутня.,na,na,na,na,na,na,na,na,na,"(< 0,17(відсутність)",na,na,na,na,na,"1,51",na,"0,763","(< 0,17(відсутність)","< 0,17(відсутність)","(< 0,17(відсутність)","(< 0,17(відсутність)","(< 0,17(відсутність)","(< 0,17(відсутність)"
135,1237/19,D:\Margo\python\protocols\Protocol_65.docx,ПРОТОКОЛ,бензин автомобільний довготривалого зберігання А-80-ДЗ,"ОРГАН З СЕРТИФІКАЦІЇ “10 ХІММОТОЛОГІЧНИЙ ЦЕНТР”, 03115, м. Київ, вул. Відпочинку, 9а.",інформація відсутня.,na,na,na,na,na,na,na,na,na,"(< 0,17(відсутність)",na,na,na,na,na,"1,79",na,"0,794","(< 0,17(відсутність)","< 0,17(відсутність)","(< 0,17(відсутність)","(< 0,17(відсутність)","(< 0,17(відсутність)","(< 0,17(відсутність)"
136,1238/19,D:\Margo\python\protocols\Protocol_66.docx,ПРОТОКОЛ,бензин автомобільний довготривалого зберігання А-80-ДЗ,"ОРГАН З СЕРТИФІКАЦІЇ “10 ХІММОТОЛОГІЧНИЙ ЦЕНТР”, 03115, м. Київ, вул. Відпочинку, 9а.",інформація відсутня.,na,na,na,na,na,na,na,na,na,"(< 0,17(відсутність)",na,na,na,na,na,"1,58",na,"0,821","(< 0,17(відсутність)","< 0,17(відсутність)","(< 0,17(відсутність)","(< 0,17(відсутність)","(< 0,17(відсутність)","(< 0,17(відсутність)"
137,1255/19,D:\Margo\python\protocols\Protocol_67.docx,ПРОТОКОЛ,бензин автомобільний неетильований А-98 «Super» з,"ТОВ «ГРАНД-ПЕТРОЛ», 04073, м. Київ, Оболонський р-н, просп. Степана Бандери, 22 код ЄДРПОУ 39641883.",АО «ОРЛЕН Летува»,na,"98,1",na,"25,3","53,0","91,9",na,na,na,"185,3","1,0",na,na,na,"3,3",na,"33,9","0,900","1,8","Менше 0,17","Менше 0,17","Менше 0,17","Менше 0,17","14,46"
138,1288/19,D:\Margo\python\protocols\Protocol_68.docx,ПРОТОКОЛ,бензин автомобільний довготривалого зберігання А-80-ДЗ,"ОРГАН З СЕРТИФІКАЦІЇ “10 ХІММОТОЛОГІЧНИЙ ЦЕНТР”, 03115, м. Київ, вул. Відпочинку, 9а.",інформація відсутня.,na,na,na,na,na,na,na,na,na,"(< 0,17(відсутність)",na,na,na,na,na,"1,56",na,"0,773","(< 0,17(відсутність)","< 0,17(відсутність)","(< 0,17(відсутність)","(< 0,17(відсутність)","(< 0,17(відсутність)","(< 0,17(відсутність)"
139,1320/19,D:\Margo\python\protocols\Protocol_69.docx,ПРОТОКОЛ,бензин автомобільний А-92,"ТОВ «Глуско Рітейл», м. Київ, вул. Солом’янська,11.",інформація відсутня .,na,"89,4",na,"48,0","58,5","93,5",na,na,na,"175,0","1,4",na,,na,"6,1",0.873,23.3,1.237,5.7,5.3,"(< 0,17(відсутність)",0.3,"(< 0,17(відсутнісь)",5.10
140,1084/19,D:\Margo\python\protocols\Protocol_7.docx,ПАСПОРТ,бензин автомобільний довготривалого зберігання А-80-ДЗ,-1,"постачальник: ТОВ «Ферст Груп», м. Кам’янське, Західний проїзд, 5","753,7","83,1","78,0",na,na,na,"68,0","106,0","159,0","196,0","1,1","47,6",,"1,0","4,6","1,591","34,9","0,988",відсутність,na,відсутність,відсутність,відсутність,відсутність
141,1327/19,D:\Margo\python\protocols\Protocol_70.docx,ПРОТОКОЛ,бензин автомобільний довготривалого зберігання А-80-ДЗ,"ОРГАН З СЕРТИФІКАЦІЇ “10 ХІММОТОЛОГІЧНИЙ ЦЕНТР”, 03115, м. Київ, вул. Відпочинку, 9а.",інформація відсутня.,na,na,na,na,na,na,na,na,na,"(< 0,17(відсутність)",na,na,na,na,na,"1,676",na,"0,697","(< 0,17(відсутність)","< 0,17(відсутність)","(< 0,17(відсутність)","(< 0,17(відсутність)","(< 0,17(відсутність)","(< 0,17(відсутність)"
142,1338/19,D:\Margo\python\protocols\Protocol_71.docx,ПРОТОКОЛ,бензин автомобільний неетильований А-95 «Premium»,"ТОВ «ГРАНД-ПЕТРОЛ», 04073, м. Київ, Оболонський р-н, просп. Степана Бандери, 22 код ЄДРПОУ 39641883.",АО «ОРЛЕН Летува»,na,"95,2",na,"40,0","64,0","91,5",na,na,na,"189,5","1,4",na,na,na,"7,3",na,"25,3","0,771","0,6","Менше 0,17","Менше 0,17","Менше 0,17","Менше 0,17","14,8"
143,1361/19,D:\Margo\python\protocols\Protocol_72.docx,ПРОТОКОЛ,бензин автомобільний довготривалого зберігання А-80-ДЗ,"ОРГАН З СЕРТИФІКАЦІЇ “10 ХІММОТОЛОГІЧНИЙ ЦЕНТР”, 03115, м. Київ, вул. Відпочинку, 9а.",інформація відсутня.,na,na,na,na,na,na,na,na,na,"(< 0,17(відсутність)",na,na,na,na,na,"1,918",na,"0,929","(< 0,17(відсутність)","< 0,17(відсутність)","(< 0,17(відсутність)","(< 0,17(відсутність)","(< 0,17(відсутність)","(< 0,17(відсутність)"
144,1391/19,D:\Margo\python\protocols\Protocol_73.docx,ПРОТОКОЛ,бензин автомобільний неетильований А-95 «Premium»,"ТОВ «ГРАНД-ПЕТРОЛ», 04073, м. Київ, Оболонський р-н, просп. Степана Бандери, 22 код ЄДРПОУ 39641883.",АО «ОРЛЕН Летува»,na,na,na,na,na,na,na,na,na,-,na,na,na,na,na,na,na,na,"0,4","Менше 0,17","Менше 0,17","Менше 0,17","Менше 0,17","15,4"
145,1394/19КР,D:\Margo\python\protocols\Protocol_74.docx,ПРОТОКОЛ,бензин автомобільний неетильований А-95 «Premium»,"ТОВ «ГРАНД-ПЕТРОЛ», 04073, м. Київ, Оболонський р-н, просп. Степана Бандери, 22 код ЄДРПОУ 39641883.",АО «ОРЛЕН Летува»,na,na,na,na,na,na,na,na,na,-,na,na,na,na,na,na,na,na,"0,5","Менше 0,17","Менше 0,17","Менше 0,17","Менше 0,17","12,7"
146,1395/19КР,D:\Margo\python\protocols\Protocol_75.docx,ПРОТОКОЛ,бензин автомобільний неетильований А-95 «Premium»,"ТОВ «ГРАНД-ПЕТРОЛ», 04073, м. Київ, Оболонський р-н, просп. Степана Бандери, 22 код ЄДРПОУ 39641883.",АО «ОРЛЕН Летува»,na,na,na,na,na,na,na,na,na,-,na,na,na,na,na,na,na,na,"0,5","Менше 0,17","Менше 0,17","Менше 0,17","Менше 0,17","12,3"
147,1396/19КР,D:\Margo\python\protocols\Protocol_76.docx,ПРОТОКОЛ,бензин автомобільний неетильований А-95 «Premium»,"ТОВ «ГРАНД-ПЕТРОЛ», 04073, м. Київ, Оболонський р-н, просп. Степана Бандери, 22 код ЄДРПОУ 39641883.",АО «ОРЛЕН Летува»,na,na,na,na,na,na,na,na,na,-,na,na,na,na,na,na,na,na,"0,3","Менше 0,17","Менше 0,17","Менше 0,17","0,9","13,4"
148,1420/19,D:\Margo\python\protocols\Protocol_77.docx,ПРОТОКОЛ,"бензин автомобільний А-95, клас D «Premium» , проба","ТОВ «ГРАНД-ПЕТРОЛ», 04073, м. Київ, Оболонський р-н, просп. Степана Бандери, 22 код ЄДРПОУ 39641883.",АО «ОРЛЕН Летува»,na,na,na,na,na,na,na,na,na,-,na,na,na,na,na,na,na,na,"Менше 0,17","Менше 0,17","Менше 0,17","Менше 0,17","0,6","13,6"
149,1421/19КР,D:\Margo\python\protocols\Protocol_78.docx,ПРОТОКОЛ,"бензин автомобільний А-95, клас D «Premium» , проба","ТОВ «ГРАНД-ПЕТРОЛ», 04073, м. Київ, Оболонський р-н, просп. Степана Бандери, 22 код ЄДРПОУ 39641883.",АО «ОРЛЕН Летува»,na,na,na,na,na,na,na,na,na,-,na,na,na,na,na,na,na,na,"Менше 0,17","Менше 0,17","Менше 0,17","Менше 0,17","0,6","13,7"
150,1481/19,D:\Margo\python\protocols\Protocol_79.docx,ПРОТОКОЛ,бензин автомобільний неетильований А-98 «Super»,"ТОВ «ГРАНД-ПЕТРОЛ», 04073, м. Київ, Оболонський р-н, просп. Степана Бандери, 22 код ЄДРПОУ 39641883.",АО «ОРЛЕН Летува»,na,na,na,na,na,na,na,na,na,-,na,na,na,na,na,na,na,na,"Менше 0,17","Менше 0,17","Менше 0,17","Менше 0,17","Менше 0,17","12,7"
151,1123/18,D:\Margo\python\protocols\Protocol_8.docx,ПРОТОКОЛ,бензин автомобільний А-92-Євро5-Е5,"Інспекторат, Швейцарія.",ПАТ ТФПНК «Укртатнафта»,"744,5","92,1","83,3",40,53,82,44,94,"167,5",209,"1,2","66,2",,"1,6","6,1","7,655","30,2","0,567","<0,17",na,"<0,17","<0,17","<0,17","<0,17"
152,1482/19,D:\Margo\python\protocols\Protocol_80.docx,ПРОТОКОЛ,бензин автомобільний неетильований А-98 «Super»,"ТОВ «ГРАНД-ПЕТРОЛ», 04073, м. Київ, Оболонський р-н, просп. Степана Бандери, 22 код ЄДРПОУ 39641883.",АО «ОРЛЕН Летува»,na,na,na,na,na,na,na,na,na,-,na,na,na,na,na,na,na,na,"Менше 0,17","Менше 0,17","Менше 0,17","Менше 0,17","Менше 0,17",13.5
153,1518/19,D:\Margo\python\protocols\Protocol_81.docx,ПРОТОКОЛ,бензин автомобільний довготривалого зберігання А-80-Д,"(ТОВ «Ферст Груп», 49000, Дніпропетровська область, м. Дніпро, вул. Троїцька, буд. 15/3, оф. 2, код ЄДРПОУ 41701663.","ТОВ «Ферст Груп», м. Кам’янське, Західний проїзд, 5.","745,1","83,2","78,0",na,na,na,"62,0","101,0","158,5","192,5","1,1","55,9",,1,"4,4","1,755","31,4","0,893","(< 0,17(відсутність)","< 0,17(відсутність)","(< 0,17(відсутність)","(< 0,17(відсутність)","(< 0,17(відсутність)","(< 0,17(відсутність)"
154,1525/19,D:\Margo\python\protocols\Protocol_82.docx,ПРОТОКОЛ,бензин автомобільний довготривалого зберігання А-80-Д,"(ТОВ «Ферст Груп», 49000, Дніпропетровська область, м. Дніпро, вул. Троїцька, буд. 15/3, оф. 2, код ЄДРПОУ 41701663.","ТОВ «Ферст Груп», м. Кам’янське, Західний проїзд, 5.","743,0","83,1","77,9",na,na,na,"62,0","100,0","157,0","193,5","1,0","54,4",,1,"5,1","1,739","30,9","0,832","(< 0,17(відсутність)","< 0,17(відсутність)","(< 0,17(відсутність)","(< 0,17(відсутність)","(< 0,17(відсутність)","(< 0,17(відсутність)"
155,1528/19,D:\Margo\python\protocols\Protocol_83.docx,ПРОТОКОЛ,бензин автомобільний довготривалого зберігання А-80-Д,"(ТОВ «Ферст Груп», 49000, Дніпропетровська область, м. Дніпро, вул. Троїцька, буд. 15/3, оф. 2, код ЄДРПОУ 41701663.","ТОВ «Ферст Груп», м. Кам’янське, Західний проїзд, 5.","745,2","84,0","78,7",na,na,na,"62,5","102,5","157,5","196,5","0,8","54,9",,1,"5,6","1,788","31,7","0,877","(< 0,17(відсутність)","< 0,17(відсутність)","(< 0,17(відсутність)","(< 0,17(відсутність)","(< 0,17(відсутність)","(< 0,17(відсутність)"
156,1550/19,D:\Margo\python\protocols\Protocol_84.docx,ПРОТОКОЛ,бензин автомобільний довготривалого зберігання А-80-Д,"(ТОВ «Ферст Груп», 49000, Дніпропетровська область, м. Дніпро, вул. Троїцька, буд. 15/3, оф. 2, код ЄДРПОУ 41701663.","ТОВ «Ферст Груп», м. Кам’янське, Західний проїзд, 5.","745,5","83,7","78,8",na,na,na,"60,0","100,5","160,0","195,0","1,2","57,9",,1,"6,0","1,737","31,916","0,941","(< 0,17(відсутність)","< 0,17(відсутність)","(< 0,17(відсутність)","(< 0,17(відсутність)","(< 0,17(відсутність)","(< 0,17(відсутність)"
157,1553/19,D:\Margo\python\protocols\Protocol_85.docx,ПРОТОКОЛ,бензин автомобільний довготривалого зберігання А-80-Д,"(ТОВ «Ферст Груп», 49000, Дніпропетровська область, м. Дніпро, вул. Троїцька, буд. 15/3, оф. 2, код ЄДРПОУ 41701663.","ТОВ «Ферст Груп», м. Кам’янське, Західний проїзд, 5.","745,5","83,3","78,4",na,na,na,"62,0","100,5","155,0","196,5","1,0","49,0",,1,"6,2","1,773","31,728","0,938","(< 0,17(відсутність)","< 0,17(відсутність)","(< 0,17(відсутність)","(< 0,17(відсутність)","(< 0,17(відсутність)","(< 0,17(відсутність)"
158,1557/19,D:\Margo\python\protocols\Protocol_86.docx,ПРОТОКОЛ,бензин автомобільний неетильований А-98 «Super»,"ТОВ «ГРАНД-ПЕТРОЛ», 04073, м. Київ, Оболонський р-н, просп. Степана Бандери, 22 код ЄДРПОУ 39641883.",АО «ОРЛЕН Летува»,na,"98,5",na,na,na,na,na,na,na,-,na,na,na,na,"2,0",na,"32,990","0,879","Менше 0,17","Менше 0,17","Менше 0,17","Менше 0,17","Менше 0,17","13,5"
159,1565/19,D:\Margo\python\protocols\Protocol_87.docx,ПРОТОКОЛ,бензин автомобільний довготривалого зберігання А-80-Д,"(ТОВ «Ферст Груп», 49000, Дніпропетровська область, м. Дніпро, вул. Троїцька, буд. 15/3, оф. 2, код ЄДРПОУ 41701663.","ТОВ «Ферст Груп», м. Кам’янське, Західний проїзд, 5.","745,5","83,3","78,4",na,na,na,"62,0","100,5","155,0","196,5","1,0","57,4",,1,"5,8","1,759","31,669","0,961","(< 0,17(відсутність)","< 0,17(відсутність)","(< 0,17(відсутність)","(< 0,17(відсутність)","(< 0,17(відсутність)","(< 0,17(відсутність)"
160,1573/19,D:\Margo\python\protocols\Protocol_88.docx,ПРОТОКОЛ,бензин автомобільний довготривалого зберігання А-80-Д,"(ТОВ «Ферст Груп», 49000, Дніпропетровська область, м. Дніпро, вул. Троїцька, буд. 15/3, оф. 2, код ЄДРПОУ 41701663.","ТОВ «Ферст Груп», м. Кам’янське, Західний проїзд, 5.","747,0","83,2","78,0",na,na,na,"64,0","104,0","162,0","196,0","1,0","53,9",,1,"5,0","1,740","32,380","0,862","(< 0,17(відсутність)","< 0,17(відсутність)","(< 0,17(відсутність)","(< 0,17(відсутність)","(< 0,17(відсутність)","(< 0,17(відсутність)"
161,1574/19,D:\Margo\python\protocols\Protocol_89.docx,ПРОТОКОЛ,бензин автомобільний довготривалого зберігання А-80-Д,"(ТОВ «Ферст Груп», 49000, Дніпропетровська область, м. Дніпро, вул. Троїцька, буд. 15/3, оф. 2, код ЄДРПОУ 41701663.","ТОВ «Ферст Груп», м. Кам’янське, Західний проїзд, 5.","746,1","83,4","78,0",na,na,na,"64,0","104,0","162,5","196,0","1,0","53,4",,1,"5,1","1,749","31,935","0,899","(< 0,17(відсутність)","< 0,17(відсутність)","(< 0,17(відсутність)","(< 0,17(відсутність)","(< 0,17(відсутність)","(< 0,17(відсутність)"
162,1139/19,D:\Margo\python\protocols\Protocol_9.docx,ПРОТОКОЛ,бензин автомобільний Shebel-А-92-Євро5-Е5,"Акціонерне товариство «Укргазвидобування», 04053, м. Київ, вул. Кудрявська,26/28, код ЄДРПОУ 30019775","УПГГК Шебелинське відділення з переробки газового конденсату та нафти, розташоване с. Андріївка, Балакліївського района Харківської області., вул. Першотравнева,141","737,8",na,na,na,na,na,na,na,na,na,na,na,ДСТУ 8737:2017,na,na,na,na,na,na,na,na,na,na,na
163,1584/19,D:\Margo\python\protocols\Protocol_90.docx,ПРОТОКОЛ,Бензин автомобільний А-92,"ТОВ «ГЛОБУС-ПЕТРОЛЕУМ»,02218, м. Київ, пр-т Генерала Ватутіна,16, код ЄДРПОУ 21589149.",інформація відсутня,na,na,na,na,na,na,na,na,na,na,na,na,na,na,na,"6,892","34,006",na,na,na,na,na,na,na
164,1594/19,D:\Margo\python\protocols\Protocol_91.docx,ПРОТОКОЛ,бензин автомобільний довготривалого зберігання А-80-Д,"(ТОВ «Ферст Груп», 49000, Дніпропетровська область, м. Дніпро, вул. Троїцька, буд. 15/3, оф. 2, код ЄДРПОУ 41701663.","ТОВ «Ферст Груп», м. Кам’янське, Західний проїзд, 5.","748,1","83,6","78,1",na,na,na,"64,0","105,0","159,5","196,0","1,0","50,0",,1,"6,1","1,685","32,632","0,767","(< 0,17(відсутність)","< 0,17(відсутність)","(< 0,17(відсутність)","(< 0,17(відсутність)","(< 0,17(відсутність)","(< 0,17(відсутність)"
165,1598/19,D:\Margo\python\protocols\Protocol_92.docx,ПРОТОКОЛ,бензин автомобільний довготривалого зберігання А-80-ДЗ,"ОРГАН З СЕРТИФІКАЦІЇ “10 ХІММОТОЛОГІЧНИЙ ЦЕНТР”, 03115, м. Київ, вул. Відпочинку, 9а.",інформація відсутня.,na,na,na,na,na,na,na,na,na,"(< 0,17(відсутність)",na,na,na,na,na,"1,820",na,"0,908","(< 0,17(відсутність)","< 0,17(відсутність)","(< 0,17(відсутність)","(< 0,17(відсутність)","(< 0,17(відсутність)","(< 0,17(відсутність)"
166,1611/19,D:\Margo\python\protocols\Protocol_93.docx,ПРОТОКОЛ,бензин автомобільний неетильований А-95 «Premium»,"ТОВ «ГРАНД-ПЕТРОЛ», 04073, м. Київ, Оболонський р-н, просп. Степана Бандери, 22 код ЄДРПОУ 39641883.",АО «ОРЛЕН Летува»,na,"95,1",na,na,na,na,na,na,na,-,na,na,na,na,"7,1",na,"24,364","0,854","Менше 0,17","Менше 0,17","Менше 0,17","Менше 0,17","Менше 0,17","12,96"
167,1615/19,D:\Margo\python\protocols\Protocol_94.docx,ПРОТОКОЛ,бензин автомобільний неетильований А-95 «Premium»,"ТОВ «ГРАНД-ПЕТРОЛ», 04073, м. Київ, Оболонський р-н, просп. Степана Бандери, 22 код ЄДРПОУ 39641883.",АО «ОРЛЕН Летува»,na,"95,8",na,na,na,na,na,na,na,-,na,na,na,na,"7,1",na,"22,918","0,831","Менше 0,17","Менше 0,17","Менше 0,17","Менше 0,17","Менше 0,17","14,3"
168,1664/19,D:\Margo\python\protocols\Protocol_95.docx,ПРОТОКОЛ,бензин автомобільний довготривалого зберігання А-80-ДЗ,"ОРГАН З СЕРТИФІКАЦІЇ “10 ХІММОТОЛОГІЧНИЙ ЦЕНТР”, 03115, м. Київ, вул. Відпочинку, 9а.",інформація відсутня.,na,na,na,na,na,na,na,na,na,"(< 0,17(відсутність)",na,na,na,na,na,"1,743",na,"0,853","(< 0,17(відсутність)","< 0,17(відсутність)","(< 0,17(відсутність)","(< 0,17(відсутність)","(< 0,17(відсутність)","(< 0,17(відсутність)"
169,1665/19,D:\Margo\python\protocols\Protocol_96.docx,ПРОТОКОЛ,бензин автомобільний довготривалого зберігання А-80-ДЗ,"ОРГАН З СЕРТИФІКАЦІЇ “10 ХІММОТОЛОГІЧНИЙ ЦЕНТР”, 03115, м. Київ, вул. Відпочинку, 9а.",інформація відсутня.,na,na,na,na,na,na,na,na,na,"(< 0,17(відсутність)",na,na,na,na,na,"1,785",na,"0,988","(< 0,17(відсутність)","< 0,17(відсутність)","(< 0,17(відсутність)","(< 0,17(відсутність)","(< 0,17(відсутність)","(< 0,17(відсутність)"
170,1672/19,D:\Margo\python\protocols\Protocol_97.docx,ПРОТОКОЛ,бензин автомобільний довготривалого зберігання А-80-ДЗ,"ОРГАН З СЕРТИФІКАЦІЇ “10 ХІММОТОЛОГІЧНИЙ ЦЕНТР”, 03115, м. Київ, вул. Відпочинку, 9а.",інформація відсутня.,na,na,na,na,na,na,na,na,na,"(< 0,17(відсутність)",na,na,na,na,na,"1,962",na,"0,860","(< 0,17(відсутність)","< 0,17(відсутність)","(< 0,17(відсутність)","(< 0,17(відсутність)","(< 0,17(відсутність)","(< 0,17(відсутність)"
171,1673/19,D:\Margo\python\protocols\Protocol_98.docx,ПРОТОКОЛ,бензин автомобільний довготривалого зберігання А-80-ДЗ,"ОРГАН З СЕРТИФІКАЦІЇ “10 ХІММОТОЛОГІЧНИЙ ЦЕНТР”, 03115, м. Київ, вул. Відпочинку, 9а.",інформація відсутня.,na,na,na,na,na,na,na,na,na,"(< 0,17(відсутність)",na,na,na,na,na,"1,725",na,"0,881","(< 0,17(відсутність)","< 0,17(відсутність)","(< 0,17(відсутність)","(< 0,17(відсутність)","(< 0,17(відсутність)","(< 0,17(відсутність)"
172,1680/19,D:\Margo\python\protocols\Protocol_99.docx,ПРОТОКОЛ,бензин автомобільний довготривалого зберігання А-80-ДЗ,"ОРГАН З СЕРТИФІКАЦІЇ “10 ХІММОТОЛОГІЧНИЙ ЦЕНТР”, 03115, м. Київ, вул. Відпочинку, 9а.",інформація відсутня.,na,na,na,na,na,na,na,na,na,"(< 0,17(відсутність)",na,na,na,na,na,"1,742",na,"0,891","(< 0,17(відсутність)","< 0,17(відсутність)","(< 0,17(відсутність)","(< 0,17(відсутність)","(< 0,17(відсутність)","(< 0,17(відсутність)"
